,CA,SVM,D,MA,B,M,C,MHR,CANS,L,P,IncO,IncN,CamO,CamN,ConO,ConN,Confi,HyMS,AMIP,OTI,BYA,CostN,AE,AEOCN,NServ,Nteam,TieL,Ent,Mom,Tem,CulM,Cre,Mod,Bar,Obj,Inf,BenNube,MedBNube,ML,Cluster,Nombre Cluster
0,eea15b72e72c0034b32fb3154a07a273e451a437dc82095314385466d89c973c,4.0,0.4975759290833333,83.58333333333333,0.16666666666666666,0.0,0.16666666666666666,33.61094907075,0.3333333333333333,32.32327668,8.681472915,1.0,1.0,1.0,1.0,1.0,1.0,1.0,1.5,1.0,1.5,1.5,1.0,1.0,0.0,2.0,4.0,0.0,1.5,0.0,0.0,0.0,0.0,0.0,0.0,0.0,1.5,1.0,1.745459328958316,1.4,1.5,Cluster Avance y rápida recuperación
1,423b3edb75c1d6ccf6ce5b49266157c82dd89853f89accd3606fddec92418191,4.0,0.5,0.0,0.0,0.0,0.0,5e-06,0.0,15.5,12.875,1.0,1.0,1.0,1.0,1.0,1.0,1.0,1.0,1.0,1.0,1.0,1.0,1.0,1.0,2.5,7.5,0.0,1.5,0.0,0.0,0.0,0.0,0.0,0.0,0.0,1.5,1.5,1.6110653711745089,1.6,2.0,Cluster Desafío en la Entrega
2,0494941a2c1ca07f809b1b964a6260380c6e86821f7182dbee44e284331643a5,4.0,0.5,0.0,0.0,0.0,0.0,5e-06,0.0,19.79685953,2.8333333335,1.0,1.5,0.0,1.5,1.5,1.5,1.5,1.5,1.0,1.5,1.5,1.5,1.5,1.5,3.0,11.5,0.0,1.5,0.0,0.0,0.0,0.0,0.0,0.0,0.0,1.5,1.0,1.839717395686354,1.4,0.5,Cluster Transición en Progreso
3,13cc2281bc201f3178a9570fcfda9e59a10bdb694a4a94a28de0424fa609fe36,3.0,0.0,0.0,22.5,1.9166666666666667,0.0833333333333333,1148.6546991299167,24.5,28.664217104999995,7.07773612,1.0,1.0,1.0,1.0,1.0,1.0,1.0,1.0,1.0,1.0,1.0,1.0,1.0,1.0,3.5,4.5,1.5,1.5,0.0,0.0,0.5,0.5,0.0,0.5,0.0,1.5,1.5,1.2448917502848016,1.6,-0.5,Cluster de adaptación
4,4caa6eb48b9278137f7de9468c4a443779b072037916ddab2388058bdae07cf1,4.0,0.5,0.0,0.0,0.0,0.0,5e-06,0.0,49.92466868,11.295566225,1.0,1.0,1.0,1.0,1.0,1.0,1.0,1.0,1.0,1.0,1.0,1.0,1.0,1.0,4.0,7.5,0.0,1.5,0.0,0.0,0.0,0.0,0.0,0.0,0.0,1.5,0.5,1.4461089521752215,1.2,2.0,Cluster Desafío en la Entrega
5,c438b0914160d0751e10d26f3c476576c72433fda04c16ebdcab62f2b2c462ae,4.0,0.25,0.0,0.0,0.0,0.0,5e-06,0.0,26.340324625000004,8.88403733,1.0,1.5,0.0,1.5,1.5,1.5,1.5,1.5,1.0,1.5,1.5,1.5,1.5,1.5,4.5,1.0,0.0,1.5,0.0,0.0,0.0,0.0,0.0,0.0,0.0,0.0,1.5,1.804400457969932,1.6,0.5,Cluster Transición en Progreso
6,0531dc70363e5c27bc3580fa004b32e68c68b2271abb0a48717bb7966806b947,4.0,0.49816848825,75.91666666666667,0.0,0.0,0.0,5e-06,0.0,101.1551465,41.570539985,1.0,1.0,1.0,1.0,1.0,1.0,1.0,1.5,1.0,1.5,1.5,1.0,1.0,0.0,5.0,18.0,0.0,1.5,0.0,0.0,0.0,0.0,0.0,0.0,0.0,1.5,1.5,0.9439434362605872,1.6,1.5,Cluster Avance y rápida recuperación
7,a5f5c9e1177511b2dc68f563728f9ef825d361c4d78f932c95f107a041c124b2,3.0,0.4930790334166666,137.0,0.0,0.0,0.0,5e-06,0.0,128.1744796,11.912750575,1.0,1.0,1.0,1.0,1.0,1.0,1.0,1.0,1.0,1.0,1.0,1.0,1.0,1.0,5.5,4.5,1.5,1.5,0.0,0.0,0.5,0.5,0.0,0.5,0.0,1.0,1.5,1.2529939616985264,1.6,-0.5,Cluster de adaptación
8,2583b718306ac13f71bf6f7f22a43cd8ce6b98cd0c9e323bea938d93fbdb208f,4.0,0.49671359175,113.58333333333331,0.3333333333333333,0.16666666666666666,0.0,30.39226851525,0.5,64.6915957,15.86241427,1.0,1.0,1.0,1.0,1.0,1.0,1.0,1.5,1.0,1.5,1.5,1.0,1.0,0.0,6.0,18.0,0.0,1.5,0.0,0.0,0.0,0.0,0.0,0.0,0.0,1.5,1.5,1.2398763145759693,1.6,1.5,Cluster Avance y rápida recuperación
9,a6bed2f61e5b0b0827402e9c49be3d0b923d0bea99e12e0c0a3c6916e8ee2740,4.0,0.4998001543333333,12.333333333333334,0.16666666666666666,0.3333333333333333,0.3333333333333333,3.8948148148333335,0.8333333333333334,27.6002328,5.095872925,1.0,1.0,1.0,1.0,1.0,1.0,1.0,1.5,1.0,1.5,1.5,1.0,1.0,0.0,0.0,16.0,0.0,1.5,0.0,0.0,0.0,0.0,0.0,0.0,0.0,1.5,1.5,1.83501439628098,1.6,1.5,Cluster Avance y rápida recuperación
10,5ca40e4678dbcd8af2f259782b3b9218a94e3297a1ebfd7aea3d729471fe70c0,4.0,0.4998001543333333,12.333333333333334,0.0,0.0,0.0,5e-06,0.0,27.9011811,0.401121096,1.0,1.0,1.0,1.0,1.0,1.0,1.0,1.5,1.0,1.5,1.5,1.0,1.0,0.0,0.0,0.5,0.0,1.5,0.0,0.0,0.0,0.0,0.0,0.0,0.0,1.5,0.0,1.8296719845099032,1.0,1.5,Cluster Avance y rápida recuperación
11,449173bf890c4822c181c605a09d56a6399f2bb0cf11d45f48a3f0e58c3c7800,4.5,0.5,0.0,21.25,0.0,0.0,518.25740742025,21.25,14.352215449999997,12.1950714,1.0,0.5,1.0,1.0,1.0,1.0,1.0,1.0,1.0,1.0,0.0,1.0,1.0,1.0,0.5,2.5,0.0,1.5,0.0,0.0,0.0,0.0,0.0,0.0,0.0,1.5,0.5,1.193888879154702,1.2,2.0,Cluster Desafío en la Entrega
12,dfd1a6f966d283d24491c9da6313f80ac44ca3adfcb6237b002a6bf1547571f9,4.5,0.5,0.0,0.0,0.0,0.0,5e-06,0.0,21.890358895,10.75,1.5,1.5,1.5,1.5,1.5,1.5,1.5,1.5,0.0,1.5,1.5,1.5,0.0,0.0,0.5,10.0,1.5,1.0,1.0,1.0,0.5,1.5,0.5,1.0,1.5,1.5,0.0,1.839717395686354,1.0,0.0,Cluster Estrategia Optimizada
13,90ecb77f239310e17e3f15ff9056c84f299f2cc01a5be29fd281d85908ca2a4d,4.0,0.5,0.0,0.3333333333333333,0.0833333333333333,0.0833333333333333,2.2135648148333336,0.5,27.131914025,5.337827,1.0,1.0,1.0,1.0,1.0,1.0,1.0,1.5,1.0,1.5,1.5,1.0,1.0,0.0,1.0,16.0,0.0,1.5,0.0,0.0,0.0,0.0,0.0,0.0,0.0,2.0,0.0,1.839717395686354,1.0,1.5,Cluster Avance y rápida recuperación
14,4977484ae445bec3e29ec2e0790bb52087a0a53d9e2d850018a47b84caf9e684,4.0,0.5,0.0,0.0,0.0,0.0,5e-06,0.0,22.129502495,7.12083961,1.0,0.0,1.0,0.0,1.0,0.0,1.0,1.0,1.0,1.0,0.0,0.0,0.0,0.0,1.0,3.0,0.0,1.5,0.0,0.0,0.0,0.0,0.0,0.0,0.0,2.0,0.0,1.839717395686354,1.0,-0.5,Cluster de adaptación
15,a199845013188960d7800d4ee8faf5483541e8c6f637d5cfb8051946273bac34,4.75,0.5,0.0,0.0,0.0,0.0,5e-06,0.0,32.362870125,0.5,0.0,1.5,0.0,1.5,0.0,0.0,1.5,1.5,0.0,1.5,1.5,1.5,0.0,0.0,1.0,2.0,0.0,1.5,0.0,0.0,0.0,0.0,0.0,0.0,0.0,2.0,0.0,1.762126983346496,1.0,-0.5,Cluster de adaptación
16,f825be5ccc24914304ef7cce25c21b324a556df45fad4f6837d7dc644e2f7de3,4.75,0.5,0.0,0.0,0.0,0.0,5e-06,0.0,32.362870125,5e-06,0.0,1.5,0.0,1.5,0.0,0.0,1.5,1.5,0.0,1.5,1.5,1.5,0.0,0.0,1.0,2.0,0.0,1.5,0.0,0.0,0.0,0.0,0.0,0.0,0.0,2.0,0.0,1.762126983346496,1.0,-0.5,Cluster de adaptación
17,1a71a776e1d056838b9ae8b89b7619069366db2c04c371ce99d7b9fc36c45b08,4.0,0.5,0.0,0.0833333333333333,0.0,0.0,13.852430558333333,0.0833333333333333,21.879382339999996,19.43016242,1.0,1.0,1.0,1.0,1.0,1.0,1.0,1.5,1.0,1.5,1.5,1.0,1.0,0.0,1.0,8.0,1.5,1.5,1.0,0.0,1.0,1.0,1.0,1.5,0.5,2.0,1.0,1.463348407592223,1.4,0.0,Cluster Estrategia Optimizada
18,6be4ac02a54d2743b9dbf528ae059af9a7ba3d918fd1a6637f733e023dfc4ec8,3.75,0.493927598,173.58333333333334,36.166666666666664,1.0,0.0,1104.7128703589167,37.166666666666664,23.79015795,139.4898727,1.0,1.0,1.0,1.0,1.0,1.0,1.0,1.0,1.0,1.0,1.5,-0.5,1.5,1.0,1.5,1.5,0.0,1.5,0.0,0.0,0.0,0.0,0.0,0.0,0.0,1.5,1.0,0.6525629160429472,1.4,2.0,Cluster Desafío en la Entrega
19,4d7ff3551a65cf559b2e43cf84e1d3df287b35bd8904f7930f141eb0a3f52f0c,4.0,0.4913487085833333,362.5,0.9166666666666666,0.3333333333333333,0.0,89.73405091408334,1.25,9.33650463,57.77870775,1.0,1.5,0.0,1.5,1.5,1.5,1.5,1.5,1.0,1.5,1.5,1.5,1.5,1.5,6.5,11.5,0.0,1.5,0.0,0.0,0.0,0.0,0.0,0.0,0.0,1.0,1.5,1.270668124215399,1.6,0.5,Cluster Transición en Progreso
20,21f73b15e4055b14d80bd86a3db98c593ce82bbec654ec20ce72f6c2be2ecb05,4.5,0.49082847975,630.0,0.0,0.0,0.0,5e-06,0.0,27.34077325,12.88460802,1.0,1.5,1.0,1.5,0.0,1.5,1.0,1.5,0.0,1.5,0.0,1.5,0.0,0.0,7.0,4.0,1.5,1.0,1.0,1.0,0.5,1.5,0.5,1.0,1.5,2.0,1.5,1.610615651572304,1.6,0.0,Cluster Estrategia Optimizada
21,2eba644a59c4e836e316fd5707c9cda2c3e0efd3805c3dae65a11cfb7074fc81,4.0,0.494822842,224.25,3.0,0.0833333333333333,0.9166666666666666,307.1134722238333,4.0,20.999841975,2.6861561655,1.0,1.0,1.0,1.0,1.0,1.0,1.0,1.5,1.0,1.5,1.5,1.0,1.0,0.0,7.5,14.5,1.5,2.0,1.0,1.0,1.0,1.5,2.0,2.0,1.0,1.0,1.0,1.55268861810859,1.4,0.0,Cluster Estrategia Optimizada
22,750428fb3194ae3e21de2de57f7eb76a3b2ce12d68d636d9bc92ce6c430c3935,4.0,0.494822842,224.25,5.166666666666667,0.0,0.0,226.06613425658335,5.166666666666667,40.11516634,29.590938965000003,1.0,1.0,1.0,1.0,1.0,1.0,1.0,1.5,1.0,1.5,1.5,1.0,1.0,0.0,7.5,14.5,1.5,2.0,1.0,1.0,1.0,1.5,2.0,2.0,1.0,1.0,1.5,1.0535443048305186,1.6,0.0,Cluster Estrategia Optimizada
23,6172227318e99d5b66e6faadc0ebbbf4bfac23dec734ed903768bdf9d728acb2,4.0,0.5,0.0,1.8333333333333333,0.0,0.0,40.13148148533333,1.8333333333333333,18.30936508,4.8928648915,1.0,0.0,0.0,0.0,1.0,0.0,0.0,1.5,1.5,1.0,1.5,1.5,1.5,0.0,8.0,0.0,0.0,1.5,0.0,0.0,0.0,0.0,0.0,0.0,0.0,1.5,1.0,1.839717395686354,1.4,2.0,Cluster Desafío en la Entrega
24,d833820d432c0e4b8b2a059e7892a7c51639a67c86913bc0a8edf0f30ccb5f82,4.0,0.5,0.0,0.25,0.0,0.0,36.580254627500004,0.25,49.92466868,11.295566225,1.0,1.0,1.0,1.0,1.0,1.0,1.0,1.0,1.0,1.0,1.0,1.0,1.0,1.0,8.5,7.5,0.0,1.5,0.0,0.0,0.0,0.0,0.0,0.0,0.0,1.5,0.0,1.6135376730450774,1.0,2.0,Cluster Desafío en la Entrega
25,7f173f1d0f6ded7938ebed25d83e861e9dc0467908fd54bbd192b73e4b037b8f,4.0,0.5,0.0,16.666666666666668,0.75,0.0,830.6897685330835,17.416666666666668,49.92466868,11.295566225,1.0,1.0,1.0,1.0,1.0,1.0,1.0,1.0,1.0,1.0,1.0,1.0,1.0,1.0,8.5,7.5,0.0,1.5,0.0,0.0,0.0,0.0,0.0,0.0,0.0,1.5,1.0,0.919928587885864,1.4,2.0,Cluster Desafío en la Entrega
26,ac3b4dd9a72ec4b4b74ce89504fc7f3df9e39e6c00fcc4cab7610166f99b98a8,4.0,0.5,0.0,0.0,0.0,0.0,5e-06,0.0,49.92466868,11.295566225,1.0,1.0,1.0,1.0,1.0,1.0,1.0,1.0,1.0,1.0,1.0,1.0,1.0,1.0,9.0,7.5,0.0,1.5,0.0,0.0,0.0,0.0,0.0,0.0,0.0,1.5,0.0,1.6135376730450774,1.0,2.0,Cluster Desafío en la Entrega
27,c8b964c4dfa7b627473f9857f43bd2555d92f6fc5496797edc3b4e5b16960669,4.0,0.5,0.0,0.4166666666666667,0.0,0.0,6.84520833275,0.4166666666666667,49.92466868,11.295566225,1.0,1.0,1.0,1.0,1.0,1.0,1.0,1.0,1.0,1.0,1.0,1.0,1.0,1.0,9.0,7.5,0.0,1.5,0.0,0.0,0.0,0.0,0.0,0.0,0.0,1.5,1.0,1.4461089521752215,1.4,2.0,Cluster Desafío en la Entrega
28,bc8c623e91d6a71577b4568934ec2d79f17df8d63ba7bf3f45276a9bf7375dc3,4.5,0.4904688344166667,415.1666666666667,0.0,0.0,0.0,5e-06,0.0,115.1108241,10.094847885,1.0,1.5,1.0,1.5,0.0,1.5,1.0,1.5,0.0,1.5,0.0,1.5,0.0,0.0,9.5,18.0,1.5,1.0,1.0,1.0,0.5,1.5,0.5,1.0,1.5,1.5,1.5,1.3502804803740065,1.6,0.0,Cluster Estrategia Optimizada
29,dde2681619dc293570ce9f1fe5e301c6506023aae78f580ad278d25dedf2da85,4.0,0.499154384,14.916666666666664,2.8333333333333335,0.0833333333333333,0.0,157.76592592316666,2.9166666666666665,13.57608482,25.178340475,1.5,1.5,1.5,1.5,0.0,0.0,1.5,1.5,1.5,1.5,0.0,0.0,1.5,1.5,10.0,13.5,0.0,1.5,0.0,0.0,0.0,0.0,0.0,0.0,0.0,1.5,1.5,1.3971005641213603,1.6,1.5,Cluster Avance y rápida recuperación
30,b0f9e23db71e870187c5798ee38cd91e2e4c1668315c934890a2ccdf0b8b2e9f,4.5,0.49068701725,398.0833333333333,1.0833333333333333,0.0,0.4166666666666667,64.07476852016667,1.5,50.7058564,8.7623086,1.0,0.0,1.0,0.0,0.0,0.0,1.0,1.5,0.0,1.5,0.0,0.0,0.0,0.0,10.5,12.5,1.5,1.0,1.0,1.0,0.5,1.5,0.5,1.0,1.5,1.5,1.5,1.586051020673449,1.6,0.0,Cluster Estrategia Optimizada
31,8730e67ecfcc8c3d88cb2bf981a1b1a2f6d12ae70223a77f87c95c20d678317a,4.5,0.5,0.0,20.25,0.0,0.0,396.7080555603334,20.25,14.24079527,2.316864268,1.0,0.5,1.0,1.0,1.0,1.0,1.0,1.0,1.0,1.0,0.0,1.0,1.0,1.0,11.0,2.5,0.0,1.5,0.0,0.0,0.0,0.0,0.0,0.0,0.0,1.5,1.0,1.4670407352313026,1.4,2.0,Cluster Desafío en la Entrega
32,ab0e5351234a53b26df1314c843445a6177a9fa9367a19d7886bd32485f46956,4.5,0.4886726150833333,844.9166666666666,3.4166666666666665,0.75,1.8333333333333333,277.0909490656667,6.0,32.40096726,9.285267705,0.0,1.0,0.0,1.5,0.0,1.5,1.0,1.5,1.5,1.0,0.0,1.0,0.0,0.0,12.0,11.0,1.5,1.5,0.0,0.0,0.5,0.5,0.0,0.5,0.0,1.0,1.5,1.4562640233829025,1.6,-0.5,Cluster de adaptación
33,87d9f3e0cfef40f9f867e7e30684b1cca81e7c0dd255270dae5d0a6bbea593d6,4.5,0.4970221871666667,130.41666666666666,0.0833333333333333,0.0,0.0,0.1771990740833333,0.0833333333333333,26.382677695,6.53990679,0.0,1.0,0.0,1.5,0.0,1.5,1.0,1.5,1.5,1.0,0.0,1.0,0.0,0.0,12.5,11.0,0.0,1.5,0.0,0.0,0.0,0.0,0.0,0.0,0.0,2.0,1.0,1.839677389392191,1.4,1.0,Cluster Eficiencia en Entrega
34,9ee512af52131d64eb2d48c89325896664e01d2c0d2ab275c4807e434c276fe1,4.0,0.5,0.0,0.0,0.0,0.0,5e-06,0.0,49.92466868,11.295566225,1.0,1.0,1.0,1.0,1.0,1.0,1.0,1.0,1.0,1.0,1.0,1.0,1.0,1.0,11.5,7.5,0.0,1.5,0.0,0.0,0.0,0.0,0.0,0.0,0.0,1.5,1.5,1.4461089521752215,1.6,2.0,Cluster Desafío en la Entrega
35,8dfdc0a6dfddace727f3b5607632e4d6fbacc1f9d76dbeee9e976084760f9bba,4.0,0.25,0.0,0.0,0.0,0.0,5e-06,0.0,42.814190105,27.012159030000003,1.0,1.5,0.0,1.5,1.5,1.5,1.5,1.5,1.0,1.5,1.5,1.5,1.5,1.5,13.0,1.0,0.0,1.5,0.0,0.0,0.0,0.0,0.0,0.0,0.0,0.0,1.5,1.1978490293255624,1.6,0.5,Cluster Transición en Progreso
36,6904bf819613e93637cca4667f310f14d67f3aa6762f61f69bc2f55b5cf74c8a,4.0,0.4969478719166666,117.25,0.0833333333333333,0.0,0.0,1.5572916666666665,0.0833333333333333,49.92466868,1.5,1.0,1.0,1.0,1.0,1.0,1.0,1.0,1.0,1.0,1.0,1.0,1.0,1.0,1.0,13.5,7.5,0.0,1.5,0.0,0.0,0.0,0.0,0.0,0.0,0.0,1.5,1.0,1.613496668341035,1.4,2.0,Cluster Desafío en la Entrega
37,358a81ea6963ccd8219bc203fd756e9b4d4bbfbdb745901ccb4f14ce8f36ecd6,4.0,0.5,0.0,2.4166666666666665,0.0,0.0,237.69469907283334,2.4166666666666665,49.92466868,11.295566225,1.0,1.0,1.0,1.0,1.0,1.0,1.0,1.0,1.0,1.0,1.0,1.0,1.0,1.0,14.0,7.5,0.0,1.5,0.0,0.0,0.0,0.0,0.0,0.0,0.0,1.5,1.0,1.26999467034138,1.4,2.0,Cluster Desafío en la Entrega
38,38b3d6f08bfd2c0f34dd9e53b1e32987dd0dd2637411827a42f9f97989f2a90c,4.0,0.4990600405,26.25,11.416666666666664,0.0833333333333333,0.0,382.51273147716665,11.5,49.92466868,11.295566225,1.0,1.0,1.0,1.0,1.0,1.0,1.0,1.0,1.0,1.0,1.0,1.0,1.0,1.0,14.5,7.5,0.0,1.5,0.0,0.0,0.0,0.0,0.0,0.0,0.0,1.5,1.0,1.084323660172298,1.4,2.0,Cluster Desafío en la Entrega
39,beb27165d3247baff1e360dac64c86604cf0b139e22ebeedfc09ee102c751444,4.0,0.4884130985833333,335.0,195.58333333333334,1.0,0.16666666666666666,7091.383032425,196.75,49.92466868,16.0,1.0,1.0,1.0,1.0,1.0,1.0,1.0,1.0,1.0,1.0,1.0,1.0,1.0,1.0,15.0,7.5,0.0,1.5,0.0,1.0,0.0,0.0,0.5,0.0,0.0,1.5,1.0,0.6491499424496253,1.4,2.0,Cluster Desafío en la Entrega
40,0411ef566b78657bef35d2733dd54cd0ffbb2c4d312c0adcef572cec7b1afd72,4.5,0.4857574440833334,621.5,1.0,0.0,0.4166666666666667,27.84011573966667,1.4166666666666665,28.61037066,29.012770265,1.5,1.5,1.5,1.5,1.5,1.5,1.5,1.5,0.0,1.5,1.5,1.5,0.0,0.0,15.5,10.0,1.5,1.0,1.0,1.0,0.5,1.5,0.5,1.0,1.5,1.0,1.5,1.3451421769445737,1.6,0.0,Cluster Estrategia Optimizada
41,831dce3f831f563a0d890697ce1d5a570b4578c497963347d6b726b5f1e2557c,4.5,0.4857574440833334,621.5,0.5833333333333334,0.0833333333333333,0.0833333333333333,14.63562499975,0.75,38.880761375,8.02598223,1.5,1.5,1.5,1.5,1.5,1.5,1.5,1.5,0.0,1.5,1.5,1.5,0.0,0.0,15.5,10.0,1.5,1.0,1.0,1.0,0.5,1.5,0.5,1.0,1.5,1.0,1.5,1.691123758954346,1.6,0.0,Cluster Estrategia Optimizada
42,3df7f5464fb7710a1b64771c7b77452e3dfbc38133eff2a37161a45fc5a4b8b3,3.0,0.498057189,164.58333333333334,0.0833333333333333,0.0,0.0,4.50787037,0.0833333333333333,17.681103045,9.530815705,1.0,1.0,1.0,1.0,1.0,1.0,1.0,1.0,1.0,1.0,1.0,1.0,1.0,1.0,16.5,4.5,1.5,1.5,0.0,0.0,0.5,0.5,0.0,0.5,0.0,2.0,1.5,1.7646719041550882,1.6,-0.5,Cluster de adaptación
43,d5814f77c94912827abff63b5959db6e9037a21a74bc2f381eb120c5fc9985fc,4.0,0.5,0.0,0.0,0.0,0.0,5e-06,0.0,15.031690095,25.48617533,1.0,1.0,1.0,1.0,1.0,1.0,1.0,1.5,1.0,1.5,1.5,1.0,1.0,0.0,17.0,8.0,1.5,1.5,1.0,0.0,1.0,1.0,1.0,1.5,0.5,0.0,1.5,1.3944076139681172,1.6,0.0,Cluster Estrategia Optimizada
44,5054164737df763b16989c4164733d31b1f9f1004744a181879071c34da57116,4.0,0.5,0.0,0.0,0.0,0.0,5e-06,0.0,66.22466435,30.679243055,1.0,1.0,1.0,1.0,1.0,1.0,1.0,1.0,1.0,1.0,1.0,1.0,1.0,1.0,17.5,7.5,0.0,1.5,0.0,0.0,0.0,0.0,0.0,0.0,0.0,1.5,1.5,1.063391201895442,1.6,2.0,Cluster Desafío en la Entrega
45,031175c90d8c4ca9454aebe535b57f4d834073e9999f4dfda35611aad47076af,4.0,0.5,0.0,0.0,0.0,0.0,5e-06,0.0,19.14959049,77.4823037,1.0,1.0,1.0,1.0,1.0,1.0,1.0,1.5,1.0,1.5,1.5,1.0,1.0,0.0,18.0,16.0,0.0,1.5,0.0,0.0,0.0,0.0,0.0,0.0,0.0,1.5,1.5,1.2459732691595633,1.6,1.5,Cluster Avance y rápida recuperación
46,a3df728c2f0577d3b3b12966a7fe60edd377ea0bf123bf7c57af01587b486984,4.5,0.493659254,506.8333333333333,0.0,0.0,0.0,5e-06,0.0,37.98629292,9.09512334,1.0,1.5,1.0,1.5,0.0,1.5,1.0,1.5,0.0,1.5,0.0,1.5,0.0,0.0,16.0,5.0,1.5,1.0,1.0,1.0,0.5,1.5,0.5,1.0,1.5,2.0,1.5,1.65282390696959,1.6,0.0,Cluster Estrategia Optimizada
47,2db7f14cd15269188409f316b7e7ff9344cc6af857c5d3817fbdfe73f8137589,4.0,0.4981416673333334,100.08333333333331,0.0833333333333333,0.0,0.0,11.997847225,0.0833333333333333,27.9011811,6.652511085,1.0,1.0,1.0,1.0,1.0,1.0,1.0,1.5,1.0,1.5,1.5,1.0,1.0,0.0,18.5,0.5,0.0,1.5,0.0,0.0,0.0,0.0,0.0,0.0,0.0,1.5,1.5,1.829649703083064,1.6,1.5,Cluster Avance y rápida recuperación
48,7fba550476d96bcd612b82aaff9f9fb242f16cef3976af0c0cc71aadc516d758,4.0,0.5,0.0,0.0,0.0,0.0,5e-06,0.0,32.59007151,5e-06,0.0,1.0,0.0,1.0,0.0,1.0,1.0,1.0,1.0,1.0,1.0,1.5,1.0,1.0,19.0,17.0,0.0,1.5,0.0,1.0,0.0,0.0,0.5,0.0,0.0,1.5,1.0,1.7591821587754848,1.4,1.0,Cluster Eficiencia en Entrega
49,aa0f36985e0e2bc1139eca70887550a220d9f5ca6512e83a64983fc515c9615b,4.0,0.4823309463333334,109.08333333333331,0.0833333333333333,0.0,0.0833333333333333,2.5662037039166665,0.16666666666666666,32.59007151,4.9903338005,0.0,1.0,0.0,1.0,0.0,1.0,1.0,1.0,1.0,1.0,1.0,1.5,1.0,1.0,19.5,17.0,0.0,1.5,0.0,1.0,0.0,0.0,0.5,0.0,0.0,2.0,1.0,1.75894477872572,1.4,1.0,Cluster Eficiencia en Entrega
50,4e828b137ba86a98d30e109ebf87afcff410c51d7e0a6b3bb476a2e0599e2237,4.0,0.4923598221666667,328.75,0.0833333333333333,0.0,0.0,0.03499999999999995,0.0833333333333333,38.45347709,6.11161165,1.0,1.0,1.0,1.0,1.0,1.0,1.0,1.0,1.0,1.0,0.0,1.0,0.0,0.5,20.0,3.5,1.5,1.5,0.0,0.0,1.0,0.0,0.5,0.5,0.0,2.0,0.0,1.6951193159549343,1.0,-0.5,Cluster de adaptación
51,4558b8634f74a51ea4b1cd36c16ac9728616f97c91569ee8b2e412fadab9466d,4.0,0.4923598221666667,328.75,25.33333333333333,2.0833333333333335,0.5833333333333334,1632.8171296104165,28.0,38.45347709,6.11161165,1.0,1.0,1.0,1.0,1.0,1.0,1.0,1.0,1.0,1.0,0.0,1.0,0.0,0.5,20.0,3.5,1.5,1.5,0.0,0.0,1.0,0.0,0.5,0.5,0.0,2.0,0.0,1.1000064196270591,1.0,-0.5,Cluster de adaptación
52,c3fdb4cadf6aa8f102b24b5eaa3ba661dcc43e005f3ce4af8d553670b154bf76,4.0,0.4923598221666667,328.75,0.0,0.0,0.0,5e-06,0.0,37.596972055,17.524334125,1.0,1.0,1.0,1.0,1.0,1.0,1.0,1.0,1.0,1.0,0.0,1.0,0.0,0.5,20.0,3.5,1.5,1.5,0.0,0.0,1.0,0.0,0.5,0.5,0.0,2.0,1.5,1.3584018474600352,1.6,-0.5,Cluster de adaptación
53,f6924a61d11693804a22f728b2d3d34b9035870ac7095f884e51583c41f8636a,4.0,0.4985380989166666,48.5,0.25,0.0,0.4166666666666667,123.00199074233335,0.6666666666666666,23.5,11.295566225,1.0,1.0,1.0,1.0,1.0,1.0,1.0,1.0,1.0,1.0,1.0,1.0,1.0,1.0,20.5,7.5,0.0,1.5,0.0,0.0,0.0,0.0,0.0,0.0,0.0,1.5,1.5,1.6722690344804352,1.6,2.0,Cluster Desafío en la Entrega
54,1f53cf73f0dc5b894e8c3d0600e9f830da0320e38836c28c72406071808884e9,4.0,0.5,0.0,0.3333333333333333,0.0,0.0,14.795115741416666,0.3333333333333333,19.79685953,7.451502895,1.0,1.5,0.0,1.5,1.5,1.5,1.5,1.5,1.0,1.5,1.5,1.5,1.5,1.5,21.0,11.5,0.0,1.5,0.0,0.0,0.0,0.0,0.0,0.0,0.0,1.5,1.0,1.839717395686354,1.4,0.5,Cluster Transición en Progreso
55,eb1c629e31f446b8de6d3bf20555005a2bbe1b461915a58ee2b4d28b9acdace7,4.5,0.5,0.0,3.5,0.5,0.0,230.41430555933334,4.0,23.411933885,0.6335011575,0.0,1.0,0.0,1.0,0.0,1.5,1.5,1.5,0.0,1.5,1.5,1.5,1.0,1.0,21.5,10.5,0.0,1.5,0.0,0.0,0.0,0.0,0.0,0.0,0.0,1.5,1.0,1.6790978158545569,1.4,-0.5,Cluster de adaptación
56,20775d968c22c6783d5888c48a604d73d2a9d58c61daaecb0392b36e38e0d55b,4.0,0.49928362575,16.333333333333332,0.25,0.0,0.0,11.0075925915,0.25,41.84228169,11.9,1.0,0.0,1.0,0.0,1.0,0.0,1.0,1.0,1.0,1.0,0.0,0.0,0.0,0.0,22.0,3.0,0.0,1.5,0.0,0.0,0.0,0.0,0.0,0.0,0.0,1.5,0.0,1.66642003637864,1.0,-0.5,Cluster de adaptación
57,f7fa5c26887afbce9cb8d325030e615564c70ba1f4c42ecdb00660905583842b,4.0,0.49928362575,16.333333333333332,2.0833333333333335,0.0,0.0833333333333333,70.81981481566666,2.1666666666666665,41.84228169,2.5,1.0,0.0,1.0,0.0,1.0,0.0,1.0,1.0,1.0,1.0,0.0,0.0,0.0,0.0,22.0,3.0,0.0,1.5,0.0,0.0,0.0,0.0,0.0,0.0,0.0,1.5,1.0,1.66642003637864,1.4,-0.5,Cluster de adaptación
58,2f7fcaa42f5ee9be0f9f33f441d6dcdfcaabb365e0baefe5f6a35f66e1c066a0,4.0,0.4996826463333333,14.166666666666664,0.0,0.0,0.0,5e-06,0.0,33.5,2.653846154,1.0,1.0,1.0,1.0,1.0,1.0,1.0,1.5,1.0,1.5,1.5,1.0,1.0,0.0,22.5,0.5,0.0,1.5,0.0,0.0,0.0,0.0,0.0,0.0,0.0,1.0,1.0,1.747784374643364,1.4,1.5,Cluster Avance y rápida recuperación
59,2fdf30df73dc79d573b45b8421befb6348b2748af677cbb93cb2676e99813788,4.0,0.4994024884166668,34.416666666666664,0.0833333333333333,0.0,0.0833333333333333,0.38888888883333333,0.16666666666666666,8.319270835,41.43966175,1.0,1.0,1.0,1.0,1.0,1.0,1.0,1.5,1.0,1.5,1.5,1.0,1.0,0.0,23.0,16.0,0.0,1.5,0.0,0.0,0.0,0.0,0.0,0.0,0.0,2.0,1.5,1.3092455337506825,1.6,1.5,Cluster Avance y rápida recuperación
60,7201ab0feff3cfd8097000d66156c59ad6ca5afb25feab9caa7ec74e1409f681,3.0,0.49403425375,117.58333333333331,0.0,0.0,0.0,5e-06,0.0,47.01736349,10.826027645000002,1.0,1.0,1.0,1.0,1.0,1.0,1.0,1.0,1.0,1.0,1.0,1.0,1.0,1.0,23.5,12.0,0.0,1.5,0.0,0.0,0.0,0.0,0.0,0.0,0.0,2.0,1.0,1.4846057577050107,1.4,2.0,Cluster Desafío en la Entrega
61,8173dc1fdd5e0fbc828334b4457bd49731f6554e5cf0bc5e56e03670d60b9b5a,4.0,0.5,0.0,1.3333333333333333,0.0,0.0,155.81057871066665,1.3333333333333333,19.79685953,7.451502895,1.0,1.5,0.0,1.5,1.5,1.5,1.5,1.5,1.0,1.5,1.5,1.5,1.5,1.5,24.0,11.5,0.0,1.5,0.0,0.0,0.0,0.0,0.0,0.0,0.0,1.5,1.0,1.839717395686354,1.4,0.5,Cluster Transición en Progreso
62,8149781ba9394fc6cf3c1412e432b26be5e7183ee58646d69a501d37dd80468b,4.0,0.5,0.0,0.0,0.0,0.0,5e-06,0.0,19.79685953,7.451502895,1.0,1.5,0.0,1.5,1.5,1.5,1.5,1.5,1.0,1.5,1.5,1.5,1.5,1.5,24.5,11.5,0.0,1.5,0.0,0.0,0.0,0.0,0.0,0.0,0.0,1.5,1.0,1.839717395686354,1.4,0.5,Cluster Transición en Progreso
63,94d47fe0b7433e715eccd047ca0d99a43cb5597b7256b50a3143cf0eec75d7f3,4.0,0.49939267225,20.33333333333333,0.0,0.0,0.0,5e-06,0.0,49.92466868,11.295566225,1.0,1.0,1.0,1.0,1.0,1.0,1.0,1.0,1.0,1.0,1.0,1.0,1.0,1.0,25.0,7.5,0.0,1.5,0.0,0.0,0.0,0.0,0.0,0.0,0.0,1.5,1.0,1.4461007928536054,1.4,2.0,Cluster Desafío en la Entrega
64,32fd28380ac28f1febc82d59f17243d61fd41fa74ad7f7b9534bbf01f30dd19b,4.0,0.49939267225,20.33333333333333,0.16666666666666666,0.0,0.0833333333333333,4.316504629666667,0.25,122.01523985,44.420042335,1.0,1.0,1.0,1.0,1.0,1.0,1.0,1.0,1.0,1.0,1.0,1.0,1.0,1.0,25.0,7.5,0.0,1.5,0.0,0.0,0.0,0.0,0.0,0.0,0.0,1.5,1.5,0.91215635461122,1.6,2.0,Cluster Desafío en la Entrega
65,af40e5cc492af777f5b109dc09d00fa96f03b02a6e438693679e4ea908d1395c,4.0,0.49939267225,20.33333333333333,0.0,0.0,0.0,5e-06,0.0,49.92466868,11.295566225,1.0,1.0,1.0,1.0,1.0,1.0,1.0,1.0,1.0,1.0,1.0,1.0,1.0,1.0,25.0,7.5,0.0,1.5,0.0,0.0,0.0,0.0,0.0,0.0,0.0,1.5,1.0,1.4461007928536054,1.4,2.0,Cluster Desafío en la Entrega
66,129ae0d2e8b3c8d269df8cdd0b2c805a14c3ae654c104977bd967445fd91e370,4.0,0.5,0.0,2.6666666666666665,1.75,0.0,188.97469906183335,4.416666666666667,37.956930845,8.157103285,1.0,1.5,0.0,1.5,1.5,1.5,1.5,1.5,1.0,1.5,1.5,1.5,1.5,1.5,25.5,11.5,0.0,1.5,0.0,0.0,0.0,0.0,0.0,0.0,0.0,1.5,1.0,1.650185795022272,1.4,0.5,Cluster Transición en Progreso
67,53e41f7a69d0b6175b40ed02b8578bfa843d2b02ea75ea025958c5190b20ddd0,4.0,0.5,0.0,0.0,0.0,0.0,5e-06,0.0,54.34911,28.78261582,1.0,1.0,1.0,1.0,1.0,1.0,1.0,1.0,1.0,1.0,1.0,1.0,1.0,1.0,26.0,7.5,0.0,1.5,0.0,0.0,0.0,0.0,0.0,0.0,0.0,1.5,1.5,1.1206041197998875,1.6,2.0,Cluster Desafío en la Entrega
68,5f9774eb8efe44e742eeb7811f87b29ab7e02ec9bde47ebfafe9c28b136d6420,4.0,0.4930494573333334,304.3333333333333,1.5,0.0833333333333333,0.0,112.78192129275,1.5833333333333333,49.92466868,0.094565972,1.0,1.0,1.0,1.0,1.0,1.0,1.0,1.0,1.0,1.0,1.0,1.0,1.0,1.0,26.5,7.5,0.0,1.5,0.0,0.0,0.0,0.0,0.0,0.0,0.0,1.5,1.0,1.613444293954424,1.4,2.0,Cluster Desafío en la Entrega
69,99583990fc1909c61c12330d7b55f8a19cd8045658c06198ea3271291d0b0ec5,4.0,0.4963455171666666,157.75,0.0,0.0,0.0,5e-06,0.0,19.79685953,7.451502895,1.0,1.5,0.0,1.5,1.5,1.5,1.5,1.5,1.0,1.5,1.5,1.5,1.5,1.5,27.5,11.5,0.0,1.5,0.0,0.0,0.0,0.0,0.0,0.0,0.0,2.0,0.0,1.8396682984719128,1.0,0.5,Cluster Transición en Progreso
70,ac961985ce73955baadd7505b09f0dbab3cd403339353a2e84e8551b5a386b49,4.0,0.0,0.0,0.0,0.0,0.0,5e-06,0.0,19.79685953,3.5,1.0,1.5,0.0,1.5,1.5,1.5,1.5,1.5,1.0,1.5,1.5,1.5,1.5,1.5,28.0,11.5,0.0,1.5,0.0,0.0,0.0,0.0,0.0,0.0,0.0,0.0,0.0,1.833,1.0,0.5,Cluster Transición en Progreso
71,7d14ab1cddf2f6392de0e911a577f48f7e2e966eac17898e0b00ae7ba89add59,4.0,0.0,0.0,0.0,0.0,0.0,5e-06,0.0,19.79685953,3.5,1.0,1.5,0.0,1.5,1.5,1.5,1.5,1.5,1.0,1.5,1.5,1.5,1.5,1.5,28.0,11.5,0.0,1.5,0.0,0.0,0.0,0.0,0.0,0.0,0.0,0.0,1.5,1.833,1.6,0.5,Cluster Transición en Progreso
72,d178e3d4600edadd7b47b26754419b703264ea94876f220634577c8d67c9ae71,4.0,0.0,0.0,0.0,0.0,0.0,5e-06,0.0,19.79685953,5.0,1.0,1.5,0.0,1.5,1.5,1.5,1.5,1.5,1.0,1.5,1.5,1.5,1.5,1.5,28.0,11.5,0.0,1.5,0.0,0.0,0.0,0.0,0.0,0.0,0.0,0.0,1.5,1.833,1.6,0.5,Cluster Transición en Progreso
73,a91640e9b0d93db4b4de91a567d01a4392c0acacf42d9815d9a353736081271a,4.0,0.0,0.0,0.0,0.0,0.0,5e-06,0.0,19.79685953,6.0,1.0,1.5,0.0,1.5,1.5,1.5,1.5,1.5,1.0,1.5,1.5,1.5,1.5,1.5,28.0,11.5,0.0,1.5,0.0,0.0,0.0,0.0,0.0,0.0,0.0,0.0,1.5,1.833,1.6,0.5,Cluster Transición en Progreso
74,93e3ff58fe8398a0bea8060a69f63cd523f5022242aa572e4889741449ba9b3d,4.0,0.0,0.0,0.0,0.0,0.0,5e-06,0.0,19.79685953,2.5,1.0,1.5,0.0,1.5,1.5,1.5,1.5,1.5,1.0,1.5,1.5,1.5,1.5,1.5,28.0,11.5,0.0,1.5,0.0,0.0,0.0,0.0,0.0,0.0,0.0,0.0,1.5,1.833,1.6,0.5,Cluster Transición en Progreso
75,e44bd437bfc2380a26fcd7baf71856712b3ed9193f348f242c2a4974db9c16e2,4.0,0.0,0.0,0.0,0.0,0.0,5e-06,0.0,19.79685953,7.416666665,1.0,1.5,0.0,1.5,1.5,1.5,1.5,1.5,1.0,1.5,1.5,1.5,1.5,1.5,28.0,11.5,0.0,1.5,0.0,0.0,0.0,0.0,0.0,0.0,0.0,0.0,1.5,1.833,1.6,0.5,Cluster Transición en Progreso
76,38fd1d87f1b8caef2f47f836a4ec14393132a8c580e955af9c007f52e527b7f1,4.0,0.4974960673333334,115.41666666666664,0.6666666666666666,0.0,0.0833333333333333,22.8427314815,0.75,37.97986111,0.961815476,1.0,1.0,1.0,1.0,1.0,1.0,1.0,1.5,1.0,1.5,1.5,1.0,1.0,0.0,27.0,0.5,0.0,1.5,0.0,0.0,0.0,0.0,0.0,0.0,0.0,1.0,1.5,1.6996215288264274,1.6,1.5,Cluster Avance y rápida recuperación
77,4db7073bc6ab4b8b5a26bea8f83b524760d6baa12a4e1166189b8186b2bc8d5a,4.0,0.5,0.0,0.16666666666666666,0.0,0.0,20.514212965,0.16666666666666666,54.82842365,23.488707615,1.0,1.0,1.0,1.0,1.0,1.0,1.0,1.0,1.0,1.0,1.0,1.0,1.0,1.0,28.5,7.5,0.0,1.5,0.0,0.0,0.0,0.0,0.0,0.0,0.0,1.5,1.5,1.1625478046866777,1.6,2.0,Cluster Desafío en la Entrega
78,792c5e2cfc6a887687b221bf337212e8496e886ce9e681f641a9362e58e5a585,4.0,0.4990255376666666,43.083333333333336,0.0833333333333333,0.0,0.0,0.8864120366666667,0.0833333333333333,26.993662185,6.73102124,0.0,1.0,0.0,1.5,0.0,1.5,1.5,1.5,0.0,1.0,0.0,0.0,0.0,0.0,29.0,5.5,0.0,1.5,0.0,0.0,0.0,0.0,0.0,0.0,0.0,1.5,1.5,1.8397043039882048,1.6,1.0,Cluster Eficiencia en Entrega
79,618cf7e1d29ceb76280ce01fc6d25241c19609367f0ab74930d52864cc510a8a,4.5,0.4987001754166666,80.66666666666667,1.0833333333333333,0.0,0.0,17.383124999333333,1.0833333333333333,16.8983427,5.485872,1.0,0.5,1.0,1.0,1.0,1.0,1.0,1.0,1.0,1.0,0.0,1.0,1.0,1.0,29.5,2.5,0.0,1.5,0.0,0.0,0.0,0.0,0.0,0.0,0.0,2.0,1.5,1.8396999328142556,1.6,2.0,Cluster Desafío en la Entrega
80,b834498d9c7646788a39c5649d0fd0069ee84ea795b1de4cda9528b7ae6414ef,3.0,0.4995524691666667,24.666666666666668,0.0,0.0,0.0,5e-06,0.0,32.811177185,9.19724315,1.0,1.0,1.0,1.0,1.0,1.0,1.0,1.0,1.0,1.0,1.0,1.0,1.0,1.0,30.0,4.5,1.5,1.5,0.0,0.0,0.5,0.5,0.0,0.5,0.0,1.5,1.0,1.7027823611956512,1.4,-0.5,Cluster de adaptación
81,ea82e8e1a34b04b0f20fcbc414e297605b068e4cf1255da4382c2dc42af6594b,3.0,0.4995524691666667,24.666666666666668,1.0833333333333333,0.0,0.0833333333333333,74.09921296416667,1.1666666666666665,34.731856515000004,14.2262877,1.0,1.0,1.0,1.0,1.0,1.0,1.0,1.0,1.0,1.0,1.0,1.0,1.0,1.0,30.0,4.5,1.5,1.5,0.0,0.0,0.5,0.5,0.0,0.5,0.0,1.5,1.0,1.4630681770457905,1.4,-0.5,Cluster de adaptación
82,6b17bb2c784f01ebf5d31b72ea45c4a54ff30afd51998a3a52a5d40fcd17b1cb,4.25,0.4971282329166667,54.0,10.25,0.5,0.0833333333333333,376.4016666548334,10.833333333333334,3.872427688,31.967204555,1.0,1.0,1.0,1.0,1.0,1.0,1.0,0.0,1.0,1.0,0.0,1.0,1.5,1.5,30.5,13.0,0.0,1.5,0.0,0.0,0.0,0.0,0.0,0.0,0.0,1.5,1.0,0.992699673391194,1.4,2.0,Cluster Desafío en la Entrega
83,324cf1c5527f31936afc5bf65bca5e953ff11d7c22d8d1f268e1885a61896b1d,4.5,0.49599416125,113.25,0.0,0.0,0.0833333333333333,0.07557870366666665,0.0833333333333333,23.42604548,6.5155074,0.0,1.0,0.0,1.5,0.0,1.5,1.0,1.5,1.5,1.0,0.0,1.0,0.0,0.0,31.0,11.0,0.0,1.5,0.0,0.0,0.0,0.0,0.0,0.0,0.0,1.0,1.5,1.8396635780784745,1.6,1.0,Cluster Eficiencia en Entrega
84,dc0c9bb2e54d58bb39212b5d49f805cad6bbe83af30f18a97f2676b9a9754405,3.0,0.49821993225,96.16666666666664,1.4166666666666665,2.5,0.0,151.6879398135,3.9166666666666665,34.731856515000004,14.2262877,1.0,1.0,1.0,1.0,1.0,1.0,1.0,1.0,1.0,1.0,1.0,1.0,1.0,1.0,31.5,4.5,1.5,1.5,0.0,0.0,0.5,0.5,0.0,0.5,0.0,1.0,1.0,1.463050274690319,1.4,-0.5,Cluster de adaptación
85,d238369d6f019e1b95ff435b8253ad227e3a89e3c81f03939251c2d98915658c,3.0,0.49821993225,96.16666666666664,1.6666666666666665,0.8333333333333334,0.0,55.3137731475,2.5,22.952606810000002,24.18343487,1.0,1.0,1.0,1.0,1.0,1.0,1.0,1.0,1.0,1.0,1.0,1.0,1.0,1.0,31.5,4.5,1.5,1.5,0.0,0.0,0.5,0.5,0.0,0.5,0.0,1.0,1.0,1.4062990225008587,1.4,-0.5,Cluster de adaptación
86,480365739fad0d9d0a46000ebac753ba734a5d4abc31ad441f674fad27e21efb,3.0,0.49821993225,96.16666666666664,0.3333333333333333,0.0,0.0,14.649675925000002,0.3333333333333333,34.731856515000004,14.2262877,1.0,1.0,1.0,1.0,1.0,1.0,1.0,1.0,1.0,1.0,1.0,1.0,1.0,1.0,31.5,4.5,1.5,1.5,0.0,0.0,0.5,0.5,0.0,0.5,0.0,1.0,1.0,1.463050274690319,1.4,-0.5,Cluster de adaptación
87,25f7245ef15a8a9c04a0f4eaa14007f7c483c40acdf87361e1c8fa0b8be03ba5,4.25,0.4969059330833334,59.83333333333334,0.0833333333333333,0.0,0.0,5.034398148333334,0.0833333333333333,17.332886625,6.93625707,1.0,1.0,1.0,1.0,1.0,1.0,1.0,0.0,1.0,1.0,0.0,1.0,1.5,1.5,32.0,13.0,0.0,1.5,0.0,0.0,0.0,0.0,0.0,0.0,0.0,0.0,0.0,1.839675827542835,1.0,2.0,Cluster Desafío en la Entrega
88,3e42503394bb62112c58856f41027f43a9b908860ad53c85f774968e0b3f71ed,4.5,0.4978009259166667,95.0,20.916666666666668,0.0,0.0,926.6556712645834,20.916666666666668,14.469873055,7.026924745,1.0,0.5,1.0,1.0,1.0,1.0,1.0,1.0,1.0,1.0,0.0,1.0,1.0,1.0,32.5,2.5,0.0,1.5,0.0,0.0,0.0,0.0,0.0,0.0,0.0,1.0,0.5,1.2989757675537161,1.2,2.0,Cluster Desafío en la Entrega
89,c3598cb4d321bdb6a99aa565a2d35cc9fef8412c36efea8ae50f30c5605da5ad,4.0,0.4968845573333334,60.33333333333334,9.666666666666664,0.0,0.0833333333333333,976.9687963095,9.75,16.82987306,7.88937816,1.0,1.5,0.0,1.5,1.5,1.5,1.5,1.5,1.0,1.5,1.5,1.5,1.5,1.5,33.0,11.5,0.0,1.5,0.0,0.0,0.0,0.0,0.0,0.0,0.0,1.5,1.0,1.29248547753858,1.4,0.5,Cluster Transición en Progreso
90,222117a60a36148d314b68a4640327ddde787cc59e466ac38ec78613b33ec754,4.0,0.0,0.0,0.0,0.0,0.0,5e-06,0.0,19.79685953,7.451502895,1.0,1.5,0.0,1.5,1.5,1.5,1.5,1.5,1.0,1.5,1.5,1.5,1.5,1.5,33.5,11.5,0.0,1.5,0.0,0.0,0.0,0.0,0.0,0.0,0.0,1.5,0.0,1.833,1.0,0.5,Cluster Transición en Progreso
91,36e3089362bd3932db05eac66c44934f21afa05fec562c0ed292325e721092ec,4.0,0.4881062531666666,152.83333333333334,1.3333333333333333,0.0833333333333333,0.0,68.63155092725,1.4166666666666665,19.79685953,7.451502895,1.0,1.5,0.0,1.5,1.5,1.5,1.5,1.5,1.0,1.5,1.5,1.5,1.5,1.5,34.0,11.5,0.0,1.5,0.0,0.0,0.0,0.0,0.0,0.0,0.0,1.0,1.0,1.839557605679008,1.4,0.5,Cluster Transición en Progreso
92,e0444a41731dc4a3b87f9c9f4fde6ece27924fd743e660795025104f220384bc,4.0,0.4995959341666666,21.08333333333333,4.583333333333333,0.0,0.0,418.44791666158335,4.583333333333333,43.684671195,37.426045775,1.0,1.0,1.0,1.0,1.0,1.0,1.0,1.0,1.0,1.0,1.0,1.0,1.0,1.0,34.5,7.5,0.0,1.5,0.0,0.0,0.0,0.0,0.0,0.0,0.0,1.5,1.0,0.7488282520571076,1.4,2.0,Cluster Desafío en la Entrega
93,92f7909087e29e133ccb270daa96396414e163806f66bc783276cc6ab89dcd7e,4.0,0.4971832331666666,123.83333333333331,0.0,0.0,0.0,5e-06,0.0,47.432395835,8.066279985,1.0,1.0,1.0,1.0,1.0,1.0,1.0,1.5,1.0,1.5,1.5,1.0,1.0,0.0,35.5,1.0,0.0,1.5,0.0,0.0,0.0,0.0,0.0,0.0,0.0,1.5,1.5,1.627887356651846,1.6,1.5,Cluster Avance y rápida recuperación
94,1c93a0dd2cd91920092b8269b2fed2873f8b4c325c91d6f9c2d2c5f554c03a9f,4.25,0.4985414721666667,43.5,0.0833333333333333,0.0,0.0833333333333333,10.1804629625,0.16666666666666666,17.332886625,6.93625707,1.0,1.0,1.0,1.0,1.0,1.0,1.0,0.0,1.0,1.0,0.0,1.0,1.5,1.5,36.0,13.0,0.0,1.5,0.0,0.0,0.0,0.0,0.0,0.0,0.0,0.0,1.5,1.8396978006692015,1.6,2.0,Cluster Desafío en la Entrega
95,44a3c30e3cce4b6705b342f987a7a34ab825386f30fceec80e7cb010511de230,4.0,0.5,0.0,0.0,0.0,0.0,5e-06,0.0,22.934349369999996,45.87142464000001,1.5,1.5,1.5,1.5,0.0,0.0,1.5,1.5,1.5,1.5,0.0,0.0,1.5,1.5,35.0,13.5,0.0,1.5,0.0,0.0,0.0,0.0,0.0,0.0,0.0,1.5,1.0,1.2961107378629178,1.4,1.5,Cluster Avance y rápida recuperación
96,58fe0831642e34025b19d8c0b9d35cda9051998d341b7beaa03c818feef4ce3c,4.5,0.5,0.0,0.25,0.0,0.0,106.40055555833332,0.25,7.543821904999999,31.64255972,1.5,1.5,1.5,1.5,1.5,1.5,1.5,1.5,1.5,1.5,1.0,1.5,1.5,1.5,37.5,9.0,0.0,1.5,0.0,0.0,0.0,0.0,0.0,0.0,0.0,1.5,1.5,1.3513727893805902,1.6,0.5,Cluster Transición en Progreso
97,422b09bba7c2bd53825ab29ef0c8c7a7492eb22a2e89943d8a358cd5516c2348,4.0,0.5,0.0,0.0,0.0,0.0,5e-06,0.0,27.51596142,41.170134955,1.0,0.0,1.0,0.0,1.0,0.0,1.0,1.0,1.0,1.0,0.0,0.0,0.0,0.0,39.5,3.0,0.0,1.5,0.0,0.0,0.0,0.0,0.0,0.0,0.0,1.5,1.5,1.3069607516854176,1.6,-0.5,Cluster de adaptación
98,9df6459751d0b665bd5ef21f6d2b14775ce28273a52ac0e09fd7c7c38c4bec00,4.0,0.41165456208333334,172.66666666666666,0.0,0.0,0.0,5e-06,0.0,74.97638735,19.101363075,1.0,1.0,1.0,1.0,1.0,1.0,1.0,1.5,1.0,1.5,1.5,1.0,1.0,0.0,38.5,18.0,0.0,1.5,0.0,0.0,0.0,0.0,0.0,0.0,0.0,1.5,1.5,1.149484870691208,1.6,1.5,Cluster Avance y rápida recuperación
99,3811ec3acbb9cb8a3b1b2dfcb3f2ea0a7a89e7c32ece91fde7d8c18c591cd88e,4.0,0.5,0.0,0.16666666666666666,0.0,0.0,13.823333332416667,0.16666666666666666,125.74913775,12.57179543,0.0,1.0,0.0,1.0,0.0,1.0,1.0,1.0,1.0,1.0,1.0,1.5,1.0,1.0,40.0,17.0,0.0,1.5,0.0,1.0,0.0,0.0,0.5,0.0,0.0,1.5,1.0,1.2303368927157834,1.4,1.0,Cluster Eficiencia en Entrega
100,4b67e506a5f62c58cf333a693a99f9baa629fb6b1009a02c4fdfa1b5786d2f0e,4.0,0.4997511574166666,10.75,0.16666666666666666,0.0,0.0,24.102847225,0.16666666666666666,99.6398887,6.068141829999999,1.0,1.0,1.0,1.0,1.0,1.0,1.0,1.5,1.0,1.5,1.5,1.0,1.0,0.0,38.0,6.0,0.0,1.5,0.0,0.0,0.0,0.0,0.0,0.0,0.0,0.0,1.5,1.4769119840428766,1.6,1.5,Cluster Avance y rápida recuperación
101,33eb26612d93e8d8a1dd4ec407d6e6971065b59047b470edfb2d7611338e5405,4.0,0.5,0.0,0.4166666666666667,0.0,0.0,36.01585648333333,0.4166666666666667,32.59007151,4.9903338005,0.0,1.0,0.0,1.0,0.0,1.0,1.0,1.0,1.0,1.0,1.0,1.5,1.0,1.0,40.5,17.0,0.0,1.5,0.0,1.0,0.0,0.0,0.5,0.0,0.0,1.5,1.0,1.7591821587754848,1.4,1.0,Cluster Eficiencia en Entrega
102,5b40f42f6ec01d0a80fe6e8dac5268081de27e17d1ebfd6482426552d3567c6d,3.75,0.5,0.0,0.0833333333333333,0.0,0.0,2.3743518516666664,0.0833333333333333,32.47756785,127.1411169,1.0,1.0,1.0,1.0,1.0,1.0,1.0,1.0,1.0,1.0,1.5,-0.5,1.5,1.0,39.0,1.5,0.0,1.5,0.0,0.0,0.0,0.0,0.0,0.0,0.0,1.5,1.0,1.1384740662919708,1.4,2.0,Cluster Desafío en la Entrega
103,f77f3f5df8f004820588c9b523f17178574421f9401b10bc3e601f286a613ddc,4.0,0.5,0.0,0.0,0.0,0.0,5e-06,0.0,62.40325415,25.450204419999995,1.0,1.0,1.0,1.0,1.0,1.0,1.0,1.5,1.0,1.5,1.5,1.0,1.0,0.0,37.0,16.0,0.0,1.5,0.0,0.0,0.0,0.0,0.0,0.0,0.0,1.5,1.5,1.1137855251831037,1.6,1.5,Cluster Avance y rápida recuperación
104,77beba3ed92af6493bc397484c155da006400f85018162ac28800373732e930c,4.0,0.5,0.0,0.0,0.0,0.0,5e-06,0.0,32.59007151,5e-06,0.0,1.0,0.0,1.0,0.0,1.0,1.0,1.0,1.0,1.0,1.0,1.5,1.0,1.0,37.0,17.0,0.0,1.5,0.0,1.0,0.0,0.0,0.5,0.0,0.0,1.5,0.0,1.7591821587754848,1.0,1.0,Cluster Eficiencia en Entrega
105,cd709e4efda30ace9adb68093c1c315e44ead983e3c0e6ee36039c2f8e22b270,4.0,0.499146412,34.416666666666664,0.0833333333333333,0.0,0.0,15.536620366666668,0.0833333333333333,49.92466868,20.0,1.0,1.0,1.0,1.0,1.0,1.0,1.0,1.0,1.0,1.0,1.0,1.0,1.0,1.0,36.5,7.5,0.0,1.5,0.0,0.0,0.0,0.0,0.0,0.0,0.0,2.0,1.0,1.2288908394888793,1.4,2.0,Cluster Desafío en la Entrega
106,2eb87a7b55b28e942dadf0fa4fcf761094de69bf8ce46cb013b6e2f9d09d78bf,4.0,0.499146412,34.416666666666664,0.0,0.0,0.0,5e-06,0.0,135.5,18.5,1.0,1.0,1.0,1.0,1.0,1.0,1.0,1.5,1.0,1.5,1.5,1.0,1.0,0.0,36.5,16.0,0.0,1.5,0.0,0.0,0.0,0.0,0.0,0.0,0.0,2.0,1.5,1.0788129135683986,1.6,1.5,Cluster Avance y rápida recuperación
107,72743111ebf3c21e08f7262e445957d15302b83318f3a6d9256cb24356d6ea48,4.0,0.5,0.0,0.5,0.0,0.0,49.57421296016667,0.5,11.76866461,4.685057073,1.0,1.0,1.0,1.0,1.0,1.0,1.0,1.5,1.0,1.5,1.5,1.0,1.0,0.0,42.0,9.5,0.0,1.5,0.0,0.0,0.0,0.0,0.0,0.0,0.0,1.5,0.5,1.839717395686354,1.2,1.5,Cluster Avance y rápida recuperación
108,2bab99331c9c305f92a26c8ac420b1a763fbc6316b9e8967c121019b9115c133,4.0,0.49801675975,20.916666666666668,0.3333333333333333,0.0,0.5,43.98449074166667,0.8333333333333334,90.04204395,179.32018815,1.0,1.5,0.0,1.5,1.5,1.5,1.5,1.5,1.0,1.5,1.5,1.5,1.5,1.5,42.5,11.5,0.0,1.5,0.0,0.0,0.0,0.0,0.0,0.0,0.0,1.5,1.0,0.8564500333751448,1.4,0.5,Cluster Transición en Progreso
109,ae07e523f805aa6f12a4f151cc6e02f1920a90ae3122f87ea4f2d1c540efa7c6,4.0,0.16666666666666666,0.0,0.0,0.0,0.0,5e-06,0.0,26.358134855,16.080671665,1.0,1.5,0.0,1.5,1.5,1.5,1.5,1.5,1.0,1.5,1.5,1.5,1.5,1.5,41.0,0.5,0.0,1.5,0.0,0.0,0.0,0.0,0.0,0.0,0.0,1.5,1.5,1.5193023920532787,1.6,0.5,Cluster Transición en Progreso
110,a757045ef737ce316452753fe43e3d566dcc4bad6ce39602d47b89001d6d679c,4.0,0.49930534225,18.0,19.416666666666668,0.16666666666666666,0.16666666666666666,2210.63942130625,19.75,15.746956160000002,10.044281855,1.0,1.5,0.0,1.5,1.5,1.5,1.5,1.5,1.0,1.5,1.5,1.5,1.5,1.5,41.5,11.5,0.0,1.5,0.0,0.0,0.0,0.0,0.0,0.0,0.0,1.5,1.0,1.1206798085432514,1.4,0.5,Cluster Transición en Progreso
111,e84c59f34934bbc4f7c396bc1933d69a3f53d381de0b23d6b701c7a726eb634c,4.0,0.49930534225,18.0,0.0833333333333333,0.0,0.0,4.218865740833333,0.0833333333333333,19.79685953,7.451502895,1.0,1.5,0.0,1.5,1.5,1.5,1.5,1.5,1.0,1.5,1.5,1.5,1.5,1.5,41.5,11.5,0.0,1.5,0.0,0.0,0.0,0.0,0.0,0.0,0.0,1.5,1.0,1.8397080631044072,1.4,0.5,Cluster Transición en Progreso
112,bffebd1acb0ef63c7b939b120d1cbd8023db09517282a96b374353985c991507,4.0,0.5,0.0,0.0,0.0,0.0,5e-06,0.0,46.21190006,6.797404314999999,1.0,1.0,1.0,1.0,1.0,1.0,1.0,1.5,1.0,1.5,1.5,1.0,1.0,0.0,43.0,16.0,0.0,1.5,0.0,0.0,0.0,0.0,0.0,0.0,0.0,2.0,1.5,1.6355370137338872,1.6,1.5,Cluster Avance y rápida recuperación
113,ff790c2b71bd185fc4d725b3fbc5cfd62fb7e51b91f42a15a69d7ce33c36e3dd,4.0,0.4975143698333334,106.83333333333331,3.3333333333333335,0.0,0.4166666666666667,357.60298609191665,3.75,18.313404485,10.684768085,1.0,1.0,1.0,1.0,1.0,1.0,1.0,1.5,1.0,1.5,1.5,1.0,1.0,0.0,44.0,6.5,0.0,1.5,0.0,0.0,0.0,0.0,0.0,0.0,0.0,1.5,1.5,1.3602387417689625,1.6,1.5,Cluster Avance y rápida recuperación
114,4bc2aabe3d0b788a5c2d04e24051ff88747c9b94b4a201ffb82beffd6563d1d6,4.0,0.496922806,77.83333333333333,0.0,0.0,0.0,5e-06,0.0,32.586643175,7.460658045,1.0,0.0,0.0,0.0,1.0,0.0,0.0,1.5,1.5,1.0,1.5,1.5,1.5,0.0,43.5,0.0,0.0,1.5,0.0,0.0,0.0,0.0,0.0,0.0,0.0,1.5,1.5,1.7591849478428385,1.6,2.0,Cluster Desafío en la Entrega
115,fea6ef2b690ebead803a4991835dbd29f6893cb00797044343d52bd2d6807645,3.0,0.5,0.0,0.0,0.0,0.0,5e-06,0.0,34.731856515000004,3.125,1.0,1.0,1.0,1.0,1.0,1.0,1.0,1.0,1.0,1.0,1.0,1.0,1.0,1.0,44.5,4.5,1.5,1.5,0.0,0.0,0.5,0.5,0.0,0.5,0.0,1.5,1.5,1.7333153198023885,1.6,-0.5,Cluster de adaptación
116,9b80ed94b973d631e83042dfb49a35e80d5673ee5b70edaf38772d8e1f2ed809,4.0,0.4994843128333334,32.166666666666664,0.0,0.0,0.0,5e-06,0.0,53.9965961,7.69806022,1.0,1.0,1.0,1.0,1.0,1.0,1.0,1.5,1.0,1.5,1.5,1.0,1.0,0.0,45.0,18.0,0.0,1.5,0.0,0.0,0.0,0.0,0.0,0.0,0.0,1.5,1.5,1.592881734104898,1.6,1.5,Cluster Avance y rápida recuperación
117,4edee0c5d690e4e34ee964b880503e1478995f7429ca719903e0f36df09a08d5,4.0,0.4994843128333334,32.166666666666664,2.6666666666666665,0.0,0.25,201.3552777783333,2.9166666666666665,29.221831705,23.35974919,1.0,1.0,1.0,1.0,1.0,1.0,1.0,1.5,1.0,1.5,1.5,1.0,1.0,0.0,45.0,18.0,0.0,1.5,0.0,0.0,0.0,0.0,0.0,0.0,0.0,1.5,1.5,1.2947373390672872,1.6,1.5,Cluster Avance y rápida recuperación
118,af09103644910c56b1b760917b64091bc4139847c0585d495e8403ca3a40f00b,4.5,0.5,0.0,0.75,0.8333333333333334,0.0,48.5594444485,1.5833333333333333,15.01479091,6.47618358,1.0,0.5,1.0,1.0,1.0,1.0,1.0,1.0,1.0,1.0,0.0,1.0,1.0,1.0,45.5,2.5,0.0,1.5,0.0,0.0,0.0,0.0,0.0,0.0,0.0,0.5,0.5,1.839717395686354,1.2,2.0,Cluster Desafío en la Entrega
119,e438c51f7cd7a241bec473a6973f31db84947542016dedfdd21e8099b72e9fab,4.5,0.47937032625,596.0833333333334,1.3333333333333333,0.16666666666666666,0.9166666666666666,58.375115734,2.4166666666666665,49.42273727,24.903294400000004,1.0,1.5,1.0,1.5,0.0,1.5,1.0,1.5,0.0,1.5,0.0,1.5,0.0,0.0,46.0,18.0,1.5,1.0,1.0,1.0,0.5,1.5,0.5,1.0,1.5,1.5,1.5,1.175908750657816,1.6,0.0,Cluster Estrategia Optimizada
120,65f6d699fc34f4fba7abf82a8df42f925ca485530da5b40463c62b7c38810aab,4.5,0.4856803991666666,518.0,0.0,0.0,0.0,5e-06,0.0,163.24506245,26.88819322,1.0,1.5,1.0,1.5,0.0,1.5,1.0,1.5,0.0,1.5,0.0,1.5,0.0,0.0,46.5,18.0,1.5,1.0,1.0,1.0,0.5,1.5,0.5,1.0,1.5,1.5,1.5,0.9664233212948912,1.6,0.0,Cluster Estrategia Optimizada
121,af53337d43bff12b513f4995b5a606e60da51c41435c2e49c2cc9aec4e866f57,3.0,0.4938026774166666,124.5,0.0,0.0,0.0,5e-06,0.0,83.17966925,5.47602749,1.0,1.0,1.0,1.0,1.0,1.0,1.0,1.0,1.0,1.0,1.0,1.0,1.0,1.0,47.0,4.5,1.5,1.5,0.0,0.0,0.5,0.5,0.0,0.5,0.0,1.5,1.5,1.503981827498814,1.6,-0.5,Cluster de adaptación
122,b1eec6d46a23ecd4970e0010f3db39ce10a3415b51b139771650d466069eccb2,4.0,0.5,0.0,0.0,0.0833333333333333,0.16666666666666666,0.659375,0.25,19.79685953,7.451502895,1.0,1.5,0.0,1.5,1.5,1.5,1.5,1.5,1.0,1.5,1.5,1.5,1.5,1.5,47.5,11.5,0.0,1.5,0.0,0.0,0.0,0.0,0.0,0.0,0.0,1.5,1.0,1.839717395686354,1.4,0.5,Cluster Transición en Progreso
123,411fe54d04d59d3005b95c009652e4450c114fa179690498eb0cac0bc515f265,4.0,0.49601456275,176.0,0.0,0.0,0.0,5e-06,0.0,59.1210247,90.04192485,0.0,1.0,0.0,1.5,0.0,1.5,1.0,1.5,0.0,1.5,1.5,1.0,1.0,1.0,48.0,14.0,0.0,1.5,0.0,0.0,0.0,0.0,0.0,0.0,0.0,1.0,1.0,0.9669984328171772,1.4,-0.5,Cluster de adaptación
124,845ffcc488b2138d0ec9cb903194b45c9b344104ec4267dab7c88bdf10618768,4.0,0.49601456275,176.0,0.0833333333333333,0.0,0.16666666666666666,1.96233796275,0.25,17.39001671,4.9692324115,0.0,1.0,0.0,1.5,0.0,1.5,1.0,1.5,0.0,1.5,1.5,1.0,1.0,1.0,48.0,14.0,0.0,1.5,0.0,0.0,0.0,0.0,0.0,0.0,0.0,1.0,1.5,1.839663852168371,1.6,-0.5,Cluster de adaptación
125,39337d439eb68b96e3af6b9f9f305096e06d74dc47d4b62894f6e57aac4479b5,4.5,0.4992943548333334,31.5,0.0,0.0,0.0,5e-06,0.0,11.759114585,32.411716705,1.5,1.5,1.5,1.5,1.5,1.5,1.5,1.5,0.0,1.5,1.5,1.5,0.0,0.0,48.5,10.0,1.5,1.0,1.0,1.0,0.5,1.5,0.5,1.0,1.5,1.5,1.5,1.3471355335715463,1.6,0.0,Cluster Estrategia Optimizada
126,d30585967ba0caee2bbc07f4c4bd024a5bc5d3cd6a2c68ac37edec14495f45d7,4.0,0.4956951955,186.41666666666666,0.25,0.16666666666666666,0.0833333333333333,25.051435185416665,0.5,18.35098775,1.6227296005000003,1.0,1.0,1.0,1.0,1.0,1.0,1.0,1.5,1.0,1.5,1.5,1.0,1.0,0.0,49.0,18.0,0.0,1.5,0.0,0.0,0.0,0.0,0.0,0.0,0.0,0.0,1.5,1.839659561535996,1.6,1.5,Cluster Avance y rápida recuperación
127,f0eabe7e094380afb82af81269cc53cf354d7584dfbb966d03c4b2e855e8b9b5,4.0,0.4956951955,186.41666666666666,0.0,0.0,0.0,5e-06,0.0,53.9965961,7.69806022,1.0,1.0,1.0,1.0,1.0,1.0,1.0,1.5,1.0,1.5,1.5,1.0,1.0,0.0,49.0,18.0,0.0,1.5,0.0,0.0,0.0,0.0,0.0,0.0,0.0,2.0,0.0,1.5928308281040378,1.0,1.5,Cluster Avance y rápida recuperación
128,16c88be03718ad7bb39df74d5da53d6059a830d85884983184c2933623f29094,4.5,0.48966312075,442.75,0.16666666666666666,0.0,0.0833333333333333,14.692870367583334,0.25,19.38045924,10.389950205,1.5,1.5,1.5,1.5,1.5,1.5,1.5,1.5,0.0,1.5,1.5,1.5,0.0,0.0,50.0,10.0,1.5,1.0,1.0,1.0,0.5,1.5,0.5,1.0,1.5,1.5,1.5,1.7156501967274083,1.6,0.0,Cluster Estrategia Optimizada
129,b85a9d688b60a8a69b4954d9c0b50257e78e17301ba244bf8bbef61f0e88a038,4.5,0.48966312075,442.75,0.0,0.0,0.0,5e-06,0.0,21.890358895,11.25,1.5,1.5,1.5,1.5,1.5,1.5,1.5,1.5,0.0,1.5,1.5,1.5,0.0,0.0,50.0,10.0,1.5,1.0,1.0,1.0,0.5,1.5,0.5,1.0,1.5,2.0,0.0,1.8395785218701848,1.0,0.0,Cluster Estrategia Optimizada
130,2e2d71b3de153d4ca652c76f6de1c494ea0b5bb8fd1b5352d849f0a873d3d3cc,4.5,0.5,0.0,0.0,0.0,0.0,5e-06,0.0,29.82565085,14.704564985,1.5,1.5,1.5,1.5,1.5,1.5,1.5,1.5,0.0,1.5,1.5,1.5,0.0,0.0,50.5,10.0,1.5,1.0,1.0,1.0,0.5,1.5,0.5,1.0,1.5,2.0,1.5,1.514930920463706,1.6,0.0,Cluster Estrategia Optimizada
131,29cca1945220725070b20dd71b65c0c24de8b049e2a1cdbf04c4301127fe3218,4.0,0.5,0.0,0.0,0.0,0.0,5e-06,0.0,46.21190006,6.797404314999999,1.0,1.0,1.0,1.0,1.0,1.0,1.0,1.5,1.0,1.5,1.5,1.0,1.0,0.0,51.0,16.0,0.0,1.5,0.0,0.0,0.0,0.0,0.0,0.0,0.0,1.5,1.0,1.6355370137338872,1.4,1.5,Cluster Avance y rápida recuperación
132,8a4f8c42c73474bfb513a208841f8662be225a135acb407f3285d92ea5370971,4.0,0.4970277653333333,133.0,0.0,0.0,0.0833333333333333,0.2703240740833333,0.0833333333333333,96.94598005,19.129723115,1.0,0.0,1.0,0.0,1.0,0.0,1.0,1.0,1.0,1.0,0.0,0.0,0.0,0.0,49.5,3.0,0.0,1.5,0.0,0.0,0.0,0.0,0.0,0.0,0.0,1.0,1.5,1.108875440485224,1.6,-0.5,Cluster de adaptación
133,1361d01b677e0e4215cf914906cf6ef20b01883b1b8c962a7d54a0b04b510583,4.0,0.4991512345833334,13.75,1.0,0.0,0.0,81.06430555716668,1.0,42.362112085,8.805382525,1.0,1.5,0.0,1.5,1.5,1.5,1.5,1.5,1.0,1.5,1.5,1.5,1.5,1.5,51.5,11.5,0.0,1.5,0.0,0.0,0.0,0.0,0.0,0.0,0.0,1.5,1.0,1.6361189902879836,1.4,0.5,Cluster Transición en Progreso
134,fd7d2f8f1e049eba09c19a6b6e9312e67f6953ddbc413533b63821d950bf5064,4.0,0.4991512345833334,13.75,0.0,0.0,0.0,5e-06,0.0,19.79685953,7.451502895,1.0,1.5,0.0,1.5,1.5,1.5,1.5,1.5,1.0,1.5,1.5,1.5,1.5,1.5,51.5,11.5,0.0,1.5,0.0,0.0,0.0,0.0,0.0,0.0,0.0,1.5,1.0,1.8397059927000565,1.4,0.5,Cluster Transición en Progreso
135,cc29dad9213e170b46b5cf9685b1d5fff770ccfff3e8df1fdfc6d6032e75fe17,4.75,0.4997417355,3.75,1.5833333333333333,0.0,0.0,75.62296296558334,1.5833333333333333,19.2961169,6.563250659999998,0.0,1.5,0.0,1.5,0.0,0.0,1.5,1.5,0.0,1.5,1.5,1.5,0.0,0.0,59.5,2.0,0.0,1.5,0.0,0.0,0.0,0.0,0.0,0.0,0.0,0.0,1.5,1.8397139259566773,1.6,-0.5,Cluster de adaptación
136,c3828d588aa58da7fac883c4466736ce1667b569a00c78c85d1be2cc7bfc145a,4.5,0.49908803575,27.166666666666668,12.333333333333334,0.0,0.0833333333333333,118.56826388333332,12.416666666666664,11.76866461,4.685057073,0.0,1.0,0.0,1.5,0.0,1.5,1.0,1.0,1.0,1.0,1.0,0.0,1.0,0.0,52.0,16.5,0.0,1.5,0.0,0.0,0.0,0.0,0.0,0.0,0.0,1.5,0.5,1.8397051436369156,1.2,1.0,Cluster Eficiencia en Entrega
137,26d8d3e5ecd5e94ba272d3d2d5fb4d277c881cef436a1fa3e5556d8a2f26dc96,4.5,0.49908803575,27.166666666666668,0.0,0.0,0.0,5e-06,0.0,11.76866461,4.685057073,0.0,1.0,0.0,1.5,0.0,1.5,1.0,1.0,1.0,1.0,1.0,0.0,1.0,0.0,52.0,16.5,0.0,1.5,0.0,0.0,0.0,0.0,0.0,0.0,0.0,1.5,0.5,1.8397051436369156,1.2,1.0,Cluster Eficiencia en Entrega
138,cf52197f4bde2209e08226f2f7c64b62926f99b814a87425713bbfe5bfa2d6b2,4.0,0.5,0.0,0.0,0.0,0.0,5e-06,0.0,18.30936508,4.8928648915,1.0,0.0,0.0,0.0,1.0,0.0,0.0,1.5,1.5,1.0,1.5,1.5,1.5,0.0,53.5,0.0,0.0,1.5,0.0,0.0,0.0,0.0,0.0,0.0,0.0,1.5,0.5,1.839717395686354,1.2,2.0,Cluster Desafío en la Entrega
139,5d8375b0de9379bb0b2c978781c132f53583ebd2fbd18e8b74da756f01bf08e0,4.5,0.49756258175,139.0,2.0833333333333335,0.0,0.0,15.063634259833334,2.0833333333333335,11.76866461,4.685057073,0.0,1.0,0.0,1.5,0.0,1.5,1.0,1.0,1.0,1.0,1.0,0.0,1.0,0.0,52.5,16.5,0.0,1.5,0.0,0.0,0.0,0.0,0.0,0.0,0.0,1.5,0.5,1.839684649480677,1.2,1.0,Cluster Eficiencia en Entrega
140,c1e0be74a7b37db32f71aa202597157fdc3b129ef66d0210c3fd60b9f8d26a64,4.75,0.49756258175,139.0,14.166666666666664,0.3333333333333333,0.0833333333333333,670.0984027723333,14.583333333333334,28.797041090000004,17.21483102,0.0,1.5,0.0,1.5,0.0,0.0,1.5,1.5,0.0,1.5,1.5,1.5,0.0,0.0,52.5,2.0,0.0,1.5,0.0,0.0,0.0,0.0,0.0,0.0,0.0,0.0,0.5,0.9828145484866324,1.2,-0.5,Cluster de adaptación
141,9e00b288ef7d0e86a0c5541a3314f36de5338d1d8f1f2f11cb42ddf14bc65564,4.5,0.4972663139166666,41.333333333333336,0.16666666666666666,0.0,0.0,0.64050925925,0.16666666666666666,11.76866461,4.685057073,0.0,1.0,0.0,1.5,0.0,1.5,1.0,1.0,1.0,1.0,1.0,0.0,1.0,0.0,53.0,16.5,0.0,1.5,0.0,0.0,0.0,0.0,0.0,0.0,0.0,1.5,0.5,1.8396806691841456,1.2,1.0,Cluster Eficiencia en Entrega
142,a0a2fc8da4591dc3fc5c072c61a27bd7b4ee07bea5b129def6d0f4019f1625d4,4.75,0.4972663139166666,41.333333333333336,2.6666666666666665,0.0833333333333333,0.0,128.11652778791668,2.75,32.362870125,12.199284575,0.0,1.5,0.0,1.5,0.0,0.0,1.5,1.5,0.0,1.5,1.5,1.5,0.0,0.0,53.0,2.0,0.0,1.5,0.0,0.0,0.0,0.0,0.0,0.0,0.0,1.5,0.5,1.5576905259012548,1.2,-0.5,Cluster de adaptación
143,51145b6a79673055b8055f60fc4cb9ab25f55d77457f55e4bc940b39dc451637,4.0,0.4995091419166666,20.916666666666668,12.583333333333334,0.0,0.0,372.3556481544167,12.583333333333334,18.30936508,4.8928648915,1.0,0.0,0.0,0.0,1.0,0.0,0.0,1.5,1.5,1.0,1.5,1.5,1.5,0.0,54.0,0.0,0.0,1.5,0.0,0.0,0.0,0.0,0.0,0.0,0.0,1.5,0.5,1.486250461679174,1.2,2.0,Cluster Desafío en la Entrega
144,a9c9fd2b6f8437d839ee923c117723ba020f4064f37a5ee26fac852692b51179,4.5,0.4995091419166666,20.916666666666668,11.166666666666664,0.0,0.0,301.94780093366666,11.166666666666664,15.625,0.375,1.0,1.0,1.0,1.0,1.0,1.0,1.0,1.0,0.0,1.5,1.5,1.0,1.0,1.0,54.0,8.5,0.0,1.5,0.0,0.0,0.0,0.0,0.0,0.0,0.0,1.5,0.5,1.5592446962031825,1.2,1.5,Cluster Avance y rápida recuperación
145,2d09f813eaa308296e7dd8ac72c65936fe34cb924157fb895ed5c04ec17042a1,4.5,0.49935899,27.75,0.0,0.0,0.0,5e-06,0.0,11.76866461,4.685057073,0.0,1.0,0.0,1.5,0.0,1.5,1.0,1.0,1.0,1.0,1.0,0.0,1.0,0.0,54.5,16.5,0.0,1.5,0.0,0.0,0.0,0.0,0.0,0.0,0.0,1.5,0.5,1.839708783850736,1.2,1.0,Cluster Eficiencia en Entrega
146,2c45d4cb928da4b48dabf06c4fd6d372add3e16ed4e8e1529bb9d98643f02e2a,4.5,0.49935899,27.75,0.0833333333333333,0.0,0.0,0.229212963,0.0833333333333333,11.76866461,4.685057073,0.0,1.0,0.0,1.5,0.0,1.5,1.0,1.0,1.0,1.0,1.0,0.0,1.0,0.0,54.5,16.5,0.0,1.5,0.0,0.0,0.0,0.0,0.0,0.0,0.0,1.5,0.5,1.839708783850736,1.2,1.0,Cluster Eficiencia en Entrega
147,5c3b525a48d661357dd152d5791c9c52152d39009570d2385bff3b61c80d25eb,4.5,0.4988713811666667,48.41666666666666,13.833333333333334,0.3333333333333333,0.0,187.985601847,14.166666666666664,11.76866461,4.685057073,0.0,1.0,0.0,1.5,0.0,1.5,1.0,1.0,1.0,1.0,1.0,0.0,1.0,0.0,55.0,16.5,0.0,1.5,0.0,0.0,0.0,0.0,0.0,0.0,0.0,1.5,0.5,1.793260814882322,1.2,1.0,Cluster Eficiencia en Entrega
148,e4a6464bd085b30a4d842ac847a2e5f14ab32a88c554b77dd33657f9fcab0868,4.5,0.4992280034166667,18.25,0.4166666666666667,0.0,0.0,27.381435188666668,0.4166666666666667,11.76866461,4.685057073,0.0,1.0,0.0,1.5,0.0,1.5,1.0,1.0,1.0,1.0,1.0,0.0,1.0,0.0,55.5,16.5,0.0,1.5,0.0,0.0,0.0,0.0,0.0,0.0,0.0,1.5,0.5,1.839707024073316,1.2,1.0,Cluster Eficiencia en Entrega
149,2b946777f018f3e1ecc1005f92d9ab7cb2785f8b6dfe442843f35e8e5ec44cd0,4.5,0.4992280034166667,18.25,0.5,0.0,0.0,31.38923610916666,0.5,11.76866461,4.685057073,0.0,1.0,0.0,1.5,0.0,1.5,1.0,1.0,1.0,1.0,1.0,0.0,1.0,0.0,55.5,16.5,0.0,1.5,0.0,0.0,0.0,0.0,0.0,0.0,0.0,1.5,0.5,1.839707024073316,1.2,1.0,Cluster Eficiencia en Entrega
150,d87fa53ca3e721eb6825c5748f45a2d542156c620e5192966b06776c8753f21c,4.0,0.5,0.0,0.0,0.0,0.0,5e-06,0.0,22.934349369999996,3.9500000000000006,1.5,1.5,1.5,1.5,0.0,0.0,1.5,1.5,1.5,1.5,0.0,0.0,1.5,1.5,60.0,13.5,0.0,1.5,0.0,0.0,0.0,0.0,0.0,0.0,0.0,1.5,1.5,1.839717395686354,1.6,1.5,Cluster Avance y rápida recuperación
151,2b5516937f383db5d5fba0c4d82313eb95d8eb749868b9e86ab0a14a1b0e9252,4.5,0.5,0.0,5.0,0.0,0.0,211.05675926425,5.0,15.01479091,6.47618358,1.0,0.5,1.0,1.0,1.0,1.0,1.0,1.0,1.0,1.0,0.0,1.0,1.0,1.0,56.0,2.5,0.0,1.5,0.0,0.0,0.0,0.0,0.0,0.0,0.0,2.0,1.0,1.7254957785984155,1.4,2.0,Cluster Desafío en la Entrega
152,53b0899fab5ab0646e386d8e3814bf359d3de67d78f76f5f1ea5ee0d30e901f1,4.0,0.5,0.0,0.0,0.0,0.0,5e-06,0.0,49.92466868,11.295566225,1.0,1.0,1.0,1.0,1.0,1.0,1.0,1.0,1.0,1.0,1.0,1.0,1.0,1.0,60.5,7.5,0.0,1.5,0.0,0.0,0.0,0.0,0.0,0.0,0.0,1.5,1.0,1.4461089521752215,1.4,2.0,Cluster Desafío en la Entrega
153,71e4d2b400b8762062b9154ab4971a4bd49b72321f50ecb800e5807cae8bfac2,4.0,0.5,0.0,0.0,0.0,0.0,5e-06,0.0,21.879382339999996,19.43016242,1.0,1.0,1.0,1.0,1.0,1.0,1.0,1.5,1.0,1.5,1.5,1.0,1.0,0.0,61.0,8.0,1.5,1.5,1.0,0.0,1.0,1.0,1.0,1.5,0.5,1.0,1.0,1.463348407592223,1.4,0.0,Cluster Estrategia Optimizada
154,4c9019e58a86e9b295ae31aca55aeacc588b18657159cad7a0d00842f5325260,4.5,0.5,0.0,0.75,0.0,0.0,90.11574073583334,0.75,23.650350975,5.09573196,1.5,1.5,1.5,1.5,1.5,1.5,1.5,1.5,1.5,1.5,1.0,1.5,1.5,1.5,61.5,9.0,0.0,1.5,0.0,0.0,0.0,0.0,0.0,0.0,0.0,1.5,1.5,1.839717395686354,1.6,0.5,Cluster Transición en Progreso
155,e1282a7f4030cd6e09b1a6420d925bd4a942fffbc55ea7e62ade0887c44d615a,4.0,0.4989365986666667,44.166666666666664,9.083333333333334,0.0833333333333333,0.0833333333333333,790.9555324228335,9.25,19.79685953,1.0,1.0,1.5,0.0,1.5,1.5,1.5,1.5,1.5,1.0,1.5,1.5,1.5,1.5,1.5,56.5,11.5,0.0,1.5,0.0,0.0,0.0,0.0,0.0,0.0,0.0,1.5,1.0,1.3205718054930884,1.4,0.5,Cluster Transición en Progreso
156,87234e5bb3f981741bfaeb90d27daea8803840ebbd526032cca2aec72f579037,4.0,0.5,0.0,0.16666666666666666,0.0,0.0,15.773611110833334,0.16666666666666666,19.79685953,7.451502895,1.0,1.5,0.0,1.5,1.5,1.5,1.5,1.5,1.0,1.5,1.5,1.5,1.5,1.5,57.0,11.5,0.0,1.5,0.0,0.0,0.0,0.0,0.0,0.0,0.0,1.5,1.0,1.839717395686354,1.4,0.5,Cluster Transición en Progreso
157,443690560ae6173d1ada0644a7a47ec886a2f0fb9976a9fe5139b73cb6edc8df,5.0,0.4935956790833334,84.83333333333333,1.4166666666666665,0.9166666666666666,0.0833333333333333,114.69060184341664,2.4166666666666665,31.985500060000003,24.33858623,1.0,1.0,1.0,1.0,1.0,1.0,1.0,1.0,1.0,1.5,1.0,1.0,1.0,1.0,62.0,15.0,0.0,1.5,0.0,0.0,0.0,0.0,0.0,0.0,0.0,1.5,1.5,1.332144160851465,1.6,1.5,Cluster Avance y rápida recuperación
158,4060540fb4dfc0ee3cf33f46887aad6aae916afbb4de74b0222f3b89068aaa70,4.5,0.5,0.0,0.16666666666666666,0.0,0.0,11.920787035,0.16666666666666666,15.625,0.375,1.0,1.0,1.0,1.0,1.0,1.0,1.0,1.0,0.0,1.5,1.5,1.0,1.0,1.0,57.5,8.5,0.0,1.5,0.0,0.0,0.0,0.0,0.0,0.0,0.0,1.5,1.0,1.839717395686354,1.4,1.5,Cluster Avance y rápida recuperación
159,6b3e9fdeed9b2c8acb470479d7c76d1aafe9b48c73f1ffa8a341bbb563de2251,4.0,0.49862103175,23.166666666666668,2.3333333333333335,1.3333333333333333,0.0,109.13733796425,3.6666666666666665,19.79685953,7.451502895,1.0,1.5,0.0,1.5,1.5,1.5,1.5,1.5,1.0,1.5,1.5,1.5,1.5,1.5,58.0,11.5,0.0,1.5,0.0,0.0,0.0,0.0,0.0,0.0,0.0,1.5,1.0,1.839698869535605,1.4,0.5,Cluster Transición en Progreso
160,1b4d0be71ddef3ca786caddeaceb5c4a992b40dfacdeceb19595fa56f8f86c76,4.0,0.0,0.0,0.0,0.0,0.0,5e-06,0.0,46.21190006,11.289324275,1.0,1.5,0.0,1.5,1.5,1.5,1.5,1.5,1.0,1.5,1.5,1.5,1.5,1.5,58.5,16.0,0.0,1.5,0.0,0.0,0.0,0.0,0.0,0.0,0.0,2.0,1.5,1.461666837339806,1.6,0.5,Cluster Transición en Progreso
161,f42e01a6696d60be93ef16d50a5584cfa06d314681d0f4204ca85ec3cff5e01e,4.0,0.49454087725,239.0,3.25,0.5,0.16666666666666666,144.25238425841664,3.9166666666666665,18.18449653,2.445331147,1.0,1.0,1.0,1.0,1.0,1.0,1.0,1.5,1.0,1.5,1.5,1.0,1.0,0.0,62.5,15.5,0.0,1.5,0.0,0.0,0.0,0.0,0.0,0.0,0.0,2.0,1.0,1.8396440535111296,1.4,1.5,Cluster Avance y rápida recuperación
162,757a0967c68574ee6aa703bee6f45b88591970f8a2eea199770f6ecc43f24450,4.75,0.49786028975,94.75,0.16666666666666666,0.0,0.0,1.34268518525,0.16666666666666666,28.40565387,15.634896635,0.0,1.5,0.0,1.5,0.0,0.0,1.5,1.5,0.0,1.5,1.5,1.5,0.0,0.0,59.0,2.0,0.0,1.5,0.0,0.0,0.0,0.0,0.0,0.0,0.0,1.5,1.5,1.5150028421488853,1.6,-0.5,Cluster de adaptación
163,a0511c8184dfcdcd825579eb865adf7915bef3d1a98b35506fd30b1b883eb192,4.0,0.5,0.0,0.0,0.0,0.0,5e-06,0.0,24.184040355,64.4631919,1.0,1.0,1.0,1.0,1.0,1.0,1.0,1.5,1.0,1.5,1.5,1.0,1.0,0.0,63.0,8.0,1.5,1.5,1.0,0.0,1.0,1.0,1.0,1.5,0.5,0.5,1.0,1.2606671870828916,1.4,0.0,Cluster Estrategia Optimizada
164,3b766ae8cfd23d80c161730c6c159821fbbf98fa611d338e8c56dde621e5ba8e,3.0,0.49347366675,402.0,14.083333333333334,1.1666666666666665,1.75,1235.8744906953334,17.0,31.729561825,26.35477903,1.0,1.0,1.0,1.0,1.0,1.0,1.0,1.0,1.0,1.0,0.0,1.0,0.0,1.0,63.5,4.0,1.5,1.5,0.0,0.0,0.5,0.5,0.0,0.5,0.0,2.0,0.5,0.7456860943025648,1.2,-0.5,Cluster de adaptación
165,bd999455b25506273c35c33f1ef72dd2e1d7aba908c6014a7f01bf5c090f8c0b,4.0,0.49801187275,89.33333333333333,3.0833333333333335,0.0,0.0,282.6043749779167,3.0833333333333335,16.3650513,37.78006054,1.0,1.0,1.0,1.0,1.0,1.0,1.0,1.5,1.0,1.5,1.5,1.0,1.0,0.0,64.0,8.0,1.5,1.5,1.0,0.0,1.0,1.0,1.0,1.5,0.5,1.0,1.0,1.0683608856286237,1.4,0.0,Cluster Estrategia Optimizada
166,90a03cc886e99b12ff297eb77b9fe2be7e88d8a7969e714cd523819ce5e09653,4.5,0.48334539625,715.4166666666666,2.5833333333333335,0.16666666666666666,0.25,452.6602083610834,3.0,32.32327668,8.681472915,1.0,1.5,1.0,1.5,0.0,1.5,1.0,1.5,0.0,1.5,0.0,1.5,0.0,0.0,64.5,4.0,1.5,1.0,1.0,1.0,0.5,1.5,0.5,1.0,1.5,1.0,1.5,1.3362727443191231,1.6,0.0,Cluster Estrategia Optimizada
167,6f3098d67f1d5fada317aebb87e8291c51503064b3d88eb9056315d7f7e9efec,4.0,0.4920160179166666,336.9166666666667,0.0833333333333333,0.0,0.0,0.7354629629999999,0.0833333333333333,10.009583335,3.911484087,1.0,1.5,0.0,1.5,1.5,1.5,1.5,1.5,1.0,1.5,1.5,1.5,1.5,1.5,65.0,11.5,0.0,1.5,0.0,0.0,0.0,0.0,0.0,0.0,0.0,1.0,0.0,1.8396101325527408,1.0,0.5,Cluster Transición en Progreso
168,31c23b1b7720b7747cc77ad1155ff69cc27b8fb5d12c56fc7b64b3a24fa142ce,4.0,0.4969291811666667,133.41666666666666,0.5833333333333334,0.0833333333333333,0.0,209.9078935240833,0.6666666666666666,19.846095205,22.026993020000003,1.0,1.0,1.0,1.0,1.0,1.0,1.0,1.5,1.0,1.5,1.5,1.0,1.0,0.0,65.5,4.0,0.0,1.5,0.0,0.0,0.0,0.0,0.0,0.0,0.0,2.0,1.5,1.317903813263819,1.6,1.5,Cluster Avance y rápida recuperación
169,4cd173b7480a5c7c39584f39c1bd18ffd8b72d8fc3fa5303ddb1f05f23ce5e0b,4.0,0.4969291811666667,133.41666666666666,0.0,0.0,0.0,5e-06,0.0,26.00244486,56.7529288,1.0,1.0,1.0,1.0,1.0,1.0,1.0,1.5,1.0,1.5,1.5,1.0,1.0,0.0,65.5,4.0,0.0,1.5,0.0,0.0,0.0,0.0,0.0,0.0,0.0,2.0,1.5,1.2725065674610714,1.6,1.5,Cluster Avance y rápida recuperación
170,125d655334057e068130093e0fd80f71ca3191d2ab5bc351c382b3ca5943c972,4.0,0.4925120629166666,326.5833333333333,0.0,0.0,0.0,5e-06,0.0,17.818464405,186.68259125,1.0,1.0,1.0,1.0,1.0,1.0,1.0,1.5,1.0,1.5,1.5,1.0,1.0,0.0,66.0,14.5,1.5,2.0,1.0,1.0,1.0,1.5,2.0,2.0,1.0,1.0,1.0,1.2033140029199965,1.4,0.0,Cluster Estrategia Optimizada
171,937c60f2deb2c912070870b7a600f733f6ab8ffa9acd5b309dd21605f02bec27,4.0,0.4977647324166667,94.41666666666664,0.0833333333333333,0.0,0.0,0.0791203703333333,0.0833333333333333,26.167579015,14.62604721,1.0,1.5,0.0,1.5,1.5,1.5,1.5,1.5,1.0,1.5,1.5,1.5,1.5,1.5,66.5,11.5,0.0,1.5,0.0,0.0,0.0,0.0,0.0,0.0,0.0,1.5,1.0,1.5586156771294686,1.4,0.5,Cluster Transición en Progreso
172,c53bd8b9f7e1b6f3637d7857e94e93c8b94597ef730c787f53aa753f767cc47c,4.0,0.49777777775,54.66666666666666,0.0,0.0,0.0,5e-06,0.0,32.32327668,2.0416666665,1.0,1.0,1.0,1.0,1.0,1.0,1.0,1.5,1.0,1.5,1.5,1.0,1.0,0.0,67.0,4.0,0.0,1.5,0.0,0.0,0.0,0.0,0.0,0.0,0.0,1.5,1.5,1.762614546427535,1.6,1.5,Cluster Avance y rápida recuperación
173,280da5b0c77789e157dc3c9e470ffbaacf636d99c58ae363d6912d0f1640d085,4.0,0.49777777775,54.66666666666666,1.9166666666666667,0.0833333333333333,0.0,117.45106480691665,2.0,32.32327668,12.255555555,1.0,1.0,1.0,1.0,1.0,1.0,1.0,1.5,1.0,1.5,1.5,1.0,1.0,0.0,67.0,4.0,0.0,1.5,0.0,0.0,0.0,0.0,0.0,0.0,0.0,1.0,1.0,1.5560930973068632,1.4,1.5,Cluster Avance y rápida recuperación
174,1ca07bed1ac54841a8968e9466a66d3e0e8e3e477833ccad3f2b3a89294d3416,4.5,0.4941616234166666,189.66666666666666,0.0,0.0,0.0,5e-06,0.0,16.313769695,5.43901988,1.0,0.5,1.0,1.0,1.0,1.0,1.0,1.0,1.0,1.0,0.0,1.0,1.0,1.0,68.0,2.5,0.0,1.5,0.0,0.0,0.0,0.0,0.0,0.0,0.0,1.5,1.5,1.8396389583150015,1.6,2.0,Cluster Desafío en la Entrega
175,34a2f47142bc33ad79726f744d7ac37376dc5e09545f08278fed5eac5d8b1415,4.0,0.4898428639166667,207.08333333333334,92.66666666666664,1.1666666666666665,0.6666666666666666,4333.205231486667,94.5,7.65860035,1.565418371,0.0,1.0,0.0,1.0,0.0,1.0,1.0,1.0,1.0,1.0,1.0,1.5,1.0,1.0,68.5,17.0,0.0,1.5,0.0,1.0,0.0,0.0,0.5,0.0,0.0,1.5,1.0,1.1999806747471857,1.4,1.0,Cluster Eficiencia en Entrega
176,57869cc74020a5738078f91ff41d1fb8c22a6bbaaa65792ee7278960fafe905a,4.75,0.5,0.0,0.0,0.0,0.0,5e-06,0.0,161.1289749,8.45805354,0.0,1.5,0.0,1.5,0.0,0.0,1.5,1.5,0.0,1.5,1.5,1.5,0.0,0.0,67.5,2.0,0.0,1.5,0.0,0.0,0.0,0.0,0.0,0.0,0.0,1.5,1.5,1.42455866420112,1.6,-0.5,Cluster de adaptación
177,4b8abd22b5e5be4a9a128ef63f5bc48668a6c0e2c3cd8107f869174cf3b94122,4.5,0.4934067335833334,279.8333333333333,0.4166666666666667,0.0,0.16666666666666666,27.765439813166665,0.5833333333333334,23.539781609999995,12.785241075,1.5,1.5,1.5,1.5,1.5,1.5,1.5,1.5,0.0,1.5,1.5,1.5,0.0,0.0,69.0,10.0,1.5,1.0,1.0,1.0,0.5,1.5,0.5,1.0,1.5,1.5,1.5,1.6140507085232703,1.6,0.0,Cluster Estrategia Optimizada
178,ce7339eed2e7f208cb2ccf4035c50bbbee88374f9e5cf125253e5d276a535932,4.0,0.4974772385,108.5,0.0,0.0,0.0,5e-06,0.0,52.57936785,4.0274925835,1.0,1.0,1.0,1.0,1.0,1.0,1.0,1.5,1.0,1.5,1.5,1.0,1.0,0.0,69.5,17.5,0.0,1.5,0.0,0.0,0.0,0.0,0.0,0.0,0.0,1.5,1.5,1.5996787669097523,1.6,1.5,Cluster Avance y rápida recuperación
179,5bbb60aa784fa2997fda8b58ab40668aeabb4e5cf2d44f396d2adef5773b9f3f,4.0,0.4976391466666667,102.5,0.0,0.0,0.0,5e-06,0.0,47.63503602,3.5112252125,1.0,1.0,1.0,1.0,1.0,1.0,1.0,1.5,1.0,1.5,1.5,1.0,1.0,0.0,70.0,17.5,0.0,1.5,0.0,0.0,0.0,0.0,0.0,0.0,0.0,1.5,1.5,1.6266674412699562,1.6,1.5,Cluster Avance y rápida recuperación
180,ae399eac1bf170f959b4742fb238e8473bffa360437c256eff60ede33da2a0a1,4.0,0.4976391466666667,102.5,0.0,0.0,0.0,5e-06,0.0,26.230247105,32.939488885,1.0,1.0,1.0,1.0,1.0,1.0,1.0,1.5,1.0,1.5,1.5,1.0,1.0,0.0,70.0,17.5,0.0,1.5,0.0,0.0,0.0,0.0,0.0,0.0,0.0,1.5,1.5,1.344326545056502,1.6,1.5,Cluster Avance y rápida recuperación
181,4a29de303b9732d4b2514a664d0b62d5f0be25fbc89731258b17dd4b405e3d53,4.0,0.4990046296666666,10.75,0.0,0.0,0.0,5e-06,0.0,43.769695195,9.66500089,1.0,1.0,1.0,1.0,1.0,1.0,1.0,1.5,1.0,1.5,1.5,1.0,1.0,0.0,70.5,17.5,0.0,1.5,0.0,0.0,0.0,0.0,0.0,0.0,0.0,1.5,1.5,1.568798120342918,1.6,1.5,Cluster Avance y rápida recuperación
182,abc264f22cc04864cd3ea111749c6befeb6ef6b0a34eb8da5137cf8b552cd5fa,4.0,0.4990046296666666,10.75,0.16666666666666666,0.0,0.0,4.450740740333334,0.16666666666666666,17.768334995,5.14353997,1.0,1.0,1.0,1.0,1.0,1.0,1.0,1.5,1.0,1.5,1.5,1.0,1.0,0.0,70.5,17.5,0.0,1.5,0.0,0.0,0.0,0.0,0.0,0.0,0.0,1.5,1.5,1.8397040230935868,1.6,1.5,Cluster Avance y rápida recuperación
183,2c9f59f297379ced50ef1acad96b4860e31c51a292647290b17e0b2a083773ee,4.0,0.49798083075,87.41666666666667,0.0,0.0,0.16666666666666666,2.2686574074166668,0.16666666666666666,28.5590022,4.5890222835,1.0,1.0,1.0,1.0,1.0,1.0,1.0,1.5,1.0,1.5,1.5,1.0,1.0,0.0,74.5,7.0,0.0,1.5,0.0,0.0,0.0,0.0,0.0,0.0,0.0,1.5,1.5,1.818361985783,1.6,1.5,Cluster Avance y rápida recuperación
184,3e5606a95e26c19ea9408e5856fb06e2dc41f9b31edfe51b1550fc7fd55ce9bc,4.0,0.4960636348333334,72.75,1.8333333333333333,0.0,0.8333333333333334,199.75986110966667,2.6666666666666665,86.72717885000002,12.83162173,1.0,1.5,0.0,1.5,1.5,1.5,1.5,1.5,1.0,1.5,1.5,1.5,1.5,1.5,71.0,11.5,0.0,1.5,0.0,0.0,0.0,0.0,0.0,0.0,0.0,1.5,1.0,1.187128885859356,1.4,0.5,Cluster Transición en Progreso
185,0f3afb82eced876df1daf31199ace39b273325365e35798c00824c3110017d2c,4.75,0.4950729691666666,91.0,24.0,2.4166666666666665,0.5,888.2245833425833,26.916666666666668,19.67029684,3.4186986065,0.0,1.5,0.0,1.5,0.0,0.0,1.5,1.5,0.0,1.5,1.5,1.5,0.0,0.0,71.5,2.0,1.5,1.5,0.0,0.0,0.5,0.5,0.0,0.5,0.0,1.5,1.5,1.304381622711103,1.6,-0.5,Cluster de adaptación
186,d3a5339bdc40dbe1d4d1272da82c5460ce3fe7bd9715af252f23dad09b9bf3f0,4.0,0.4989639336666666,46.25,0.0833333333333333,0.0,0.0,4.511574074166666,0.0833333333333333,13.16779514,14.793194445,1.0,1.5,0.0,1.5,1.5,1.5,1.5,1.5,1.0,1.5,1.5,1.5,1.5,1.5,72.0,11.5,0.0,1.5,0.0,0.0,0.0,0.0,0.0,0.0,0.0,1.0,1.0,1.5542768615061622,1.4,0.5,Cluster Transición en Progreso
187,f5deb2394f8379cb1a01a52fea6ae320126faccdcd56460a49113bb266f81dbb,4.0,0.5,0.0,0.25,0.0,0.0,2.48937500025,0.25,49.92466868,11.295566225,1.0,1.0,1.0,1.0,1.0,1.0,1.0,1.0,1.0,1.0,1.0,1.0,1.0,1.0,72.5,7.5,0.0,1.5,0.0,0.0,0.0,0.0,0.0,0.0,0.0,2.0,1.0,1.4461089521752215,1.4,2.0,Cluster Desafío en la Entrega
188,39d1955ec15c989db1f9223f4ec4f4ea0a91c99b487bca7f13450d98f55da47c,4.0,0.4980471416666667,80.91666666666667,1.5,0.16666666666666666,0.0,137.05231481500002,1.6666666666666665,19.79685953,7.451502895,1.0,1.5,0.0,1.5,1.5,1.5,1.5,1.5,1.0,1.5,1.5,1.5,1.5,1.5,73.0,11.5,0.0,1.5,0.0,0.0,0.0,0.0,0.0,0.0,0.0,1.5,1.0,1.8396911594420648,1.4,0.5,Cluster Transición en Progreso
189,35e4d92c817f9243d909103e3be0080ea4ff4ea27a579115832a686295372e13,4.0,0.5,0.0,0.16666666666666666,0.0,0.0833333333333333,10.63354166975,0.25,19.79685953,7.451502895,1.0,1.5,0.0,1.5,1.5,1.5,1.5,1.5,1.0,1.5,1.5,1.5,1.5,1.5,73.5,11.5,0.0,1.5,0.0,0.0,0.0,0.0,0.0,0.0,0.0,1.5,1.0,1.839717395686354,1.4,0.5,Cluster Transición en Progreso
190,db783867d10b4e0da54cbd339bf1da73bb2e2007b9d53b31c2ac136fb22f3794,4.0,0.4968907921666667,133.83333333333334,0.25,0.0,0.0,30.607407406666663,0.25,38.45347709,6.11161165,1.0,1.0,1.0,1.0,1.0,1.0,1.0,1.0,1.0,1.0,0.0,1.0,0.0,0.5,74.0,3.5,1.5,1.5,0.0,0.0,1.0,0.0,0.5,0.5,0.0,1.0,1.5,1.6951801885916002,1.6,-0.5,Cluster de adaptación
